coin,Brain,human_readable_time,timeframe,win_rate_percentage_per_day,number_of_trades_per_day,average_percentage_per_trade,cumulative_percentage_per_day,win_rate_percentage_per_year_or_two_or_three
XMR,bbrsi,2019-03-31 01:00:00,5m,,0,0.00,0.00,
XMR,bbrsi,2019-04-01 02:00:00,5m,,1,0.64,0.64,
XMR,bbrsi,2019-04-02 02:00:00,5m,,2,0.47,0.93,
XMR,bbrsi,2019-04-03 02:00:00,5m,,4,2.85,11.41,
XMR,bbrsi,2019-04-04 02:00:00,5m,50.0,2,-1.60,-3.19,
XMR,bbrsi,2019-04-05 02:00:00,5m,,3,0.45,1.35,
XMR,bbrsi,2019-04-06 02:00:00,5m,50.0,2,-0.29,-0.58,
XMR,bbrsi,2019-04-07 02:00:00,5m,,3,0.20,0.60,
XMR,bbrsi,2019-04-08 02:00:00,5m,50.0,2,-1.56,-3.11,
XMR,bbrsi,2019-04-09 02:00:00,5m,50.0,2,-0.37,-0.74,
XMR,bbrsi,2019-04-10 02:00:00,5m,,2,0.22,0.43,
XMR,bbrsi,2019-04-11 02:00:00,5m,,2,1.55,3.11,
XMR,bbrsi,2019-04-12 02:00:00,5m,,4,1.09,4.36,
XMR,bbrsi,2019-04-13 02:00:00,5m,66.7,3,-0.92,-2.77,
XMR,bbrsi,2019-04-14 02:00:00,5m,,3,0.18,0.55,
XMR,bbrsi,2019-04-15 02:00:00,5m,,2,0.11,0.22,
XMR,bbrsi,2019-04-16 02:00:00,5m,,2,0.63,1.26,
XMR,bbrsi,2019-04-17 02:00:00,5m,75.0,4,-0.02,-0.09,
XMR,bbrsi,2019-04-18 02:00:00,5m,,1,0.24,0.24,
XMR,bbrsi,2019-04-19 02:00:00,5m,,5,0.13,0.64,
XMR,bbrsi,2019-04-20 02:00:00,5m,,2,0.31,0.62,
XMR,bbrsi,2019-04-21 02:00:00,5m,50.0,2,-1.64,-3.28,
XMR,bbrsi,2019-04-22 02:00:00,5m,,2,0.14,0.29,
XMR,bbrsi,2019-04-23 02:00:00,5m,,2,0.45,0.90,
XMR,bbrsi,2019-04-24 02:00:00,5m,,3,0.71,2.14,
XMR,bbrsi,2019-04-25 02:00:00,5m,,1,0.49,0.49,
XMR,bbrsi,2019-04-26 02:00:00,5m,66.7,3,0.07,0.21,
XMR,bbrsi,2019-04-27 02:00:00,5m,,2,0.24,0.48,
XMR,bbrsi,2019-04-28 02:00:00,5m,,1,-1.88,-1.88,
XMR,bbrsi,2019-04-29 02:00:00,5m,,1,0.03,0.03,
XMR,bbrsi,2019-04-30 02:00:00,5m,,2,0.48,0.96,
XMR,bbrsi,2019-05-01 02:00:00,5m,,4,0.46,1.82,
XMR,bbrsi,2019-05-02 02:00:00,5m,50.0,2,-0.32,-0.64,
XMR,bbrsi,2019-05-03 02:00:00,5m,66.7,3,-0.12,-0.36,
XMR,bbrsi,2019-05-04 02:00:00,5m,,1,-3.69,-3.69,
XMR,bbrsi,2019-05-05 02:00:00,5m,75.0,4,-0.01,-0.05,
XMR,bbrsi,2019-05-06 02:00:00,5m,50.0,2,0.01,0.03,
XMR,bbrsi,2019-05-07 02:00:00,5m,50.0,2,-1.61,-3.22,
XMR,bbrsi,2019-05-08 02:00:00,5m,,0,0.00,0.00,
XMR,bbrsi,2019-05-09 02:00:00,5m,,2,-2.08,-4.17,
XMR,bbrsi,2019-05-10 02:00:00,5m,,2,0.60,1.20,
XMR,bbrsi,2019-05-11 02:00:00,5m,,2,0.98,1.96,
XMR,bbrsi,2019-05-12 02:00:00,5m,60.0,5,-0.48,-2.40,
XMR,bbrsi,2019-05-13 02:00:00,5m,,3,0.85,2.54,
XMR,bbrsi,2019-05-14 02:00:00,5m,,4,1.32,5.27,
XMR,bbrsi,2019-05-15 02:00:00,5m,50.0,2,-1.75,-3.51,
XMR,bbrsi,2019-05-16 12:00:00,5m,57.1,7,-0.12,-0.82,
XMR,bbrsi,2019-05-17 12:00:00,5m,66.7,6,0.26,1.55,
XMR,bbrsi,2019-05-18 12:00:00,5m,,2,0.42,0.84,
XMR,bbrsi,2019-05-19 12:00:00,5m,75.0,4,0.20,0.80,
XMR,bbrsi,2019-05-20 12:00:00,5m,66.7,3,0.44,1.31,
XMR,bbrsi,2019-05-21 12:00:00,5m,66.7,3,0.17,0.52,
XMR,bbrsi,2019-05-22 12:00:00,5m,25.0,4,-1.77,-7.07,
XMR,bbrsi,2019-05-23 12:00:00,5m,75.0,4,0.32,1.27,
XMR,bbrsi,2019-05-24 12:00:00,5m,,4,0.32,1.27,
XMR,bbrsi,2019-05-25 12:00:00,5m,,2,0.16,0.32,
XMR,bbrsi,2019-05-26 12:00:00,5m,,3,0.52,1.57,
XMR,bbrsi,2019-05-27 12:00:00,5m,50.0,2,-0.00,-0.00,
XMR,bbrsi,2019-05-28 12:00:00,5m,75.0,4,-0.22,-0.87,
XMR,bbrsi,2019-05-29 12:00:00,5m,83.3,6,0.31,1.89,
XMR,bbrsi,2019-05-30 12:00:00,5m,75.0,4,-0.61,-2.45,
XMR,bbrsi,2019-05-31 12:00:00,5m,,4,0.67,2.69,
XMR,bbrsi,2019-06-01 12:00:00,5m,,5,0.54,2.70,
XMR,bbrsi,2019-06-02 12:00:00,5m,66.7,3,-0.99,-2.98,
XMR,bbrsi,2019-06-03 12:00:00,5m,75.0,4,-0.64,-2.58,
XMR,bbrsi,2019-06-04 12:00:00,5m,66.7,3,-0.84,-2.53,
XMR,bbrsi,2019-06-05 12:00:00,5m,,3,0.60,1.79,
XMR,bbrsi,2019-06-06 12:00:00,5m,,4,0.46,1.85,
XMR,bbrsi,2019-06-07 12:00:00,5m,66.7,3,-0.00,-0.01,
XMR,bbrsi,2019-06-08 13:00:00,5m,50.0,2,-0.63,-1.26,
XMR,bbrsi,2019-06-09 13:00:00,5m,75.0,4,-0.04,-0.16,
XMR,bbrsi,2019-06-10 13:00:00,5m,50.0,2,-0.21,-0.42,
XMR,bbrsi,2019-06-11 13:00:00,5m,66.7,3,0.12,0.35,
XMR,bbrsi,2019-06-12 13:00:00,5m,,3,0.27,0.81,
XMR,bbrsi,2019-06-13 13:00:00,5m,50.0,2,-0.48,-0.96,
XMR,bbrsi,2019-06-14 13:00:00,5m,,1,0.08,0.08,
XMR,bbrsi,2019-06-15 13:00:00,5m,,2,0.22,0.44,
XMR,bbrsi,2019-06-16 13:00:00,5m,,2,0.30,0.59,
XMR,bbrsi,2019-06-17 13:00:00,5m,50.0,2,-0.42,-0.84,
XMR,bbrsi,2019-06-18 13:00:00,5m,,2,0.58,1.15,
XMR,bbrsi,2019-06-19 13:00:00,5m,,3,0.35,1.06,
XMR,bbrsi,2019-06-20 13:00:00,5m,,1,0.73,0.73,
XMR,bbrsi,2019-06-21 13:00:00,5m,,2,0.30,0.60,
XMR,bbrsi,2019-06-22 13:00:00,5m,80.0,5,0.22,1.09,
XMR,bbrsi,2019-06-23 13:00:00,5m,,2,0.58,1.16,
XMR,bbrsi,2019-06-24 13:00:00,5m,50.0,2,-0.76,-1.52,
XMR,bbrsi,2019-06-25 13:00:00,5m,25.0,4,-2.51,-10.03,
XMR,bbrsi,2019-06-26 13:00:00,5m,33.3,6,-1.81,-10.87,
XMR,bbrsi,2019-06-27 13:00:00,5m,,2,2.65,5.30,
XMR,bbrsi,2019-06-28 13:00:00,5m,75.0,4,-0.48,-1.90,
XMR,bbrsi,2019-06-29 13:00:00,5m,75.0,4,0.07,0.29,
XMR,bbrsi,2019-06-30 13:00:00,5m,40.0,5,-1.12,-5.62,
XMR,bbrsi,2019-07-01 13:00:00,5m,25.0,4,-1.66,-6.65,
XMR,bbrsi,2019-07-02 13:00:00,5m,80.0,5,0.70,3.50,
XMR,bbrsi,2019-07-03 13:00:00,5m,33.3,3,-1.43,-4.29,
XMR,bbrsi,2019-07-04 13:00:00,5m,66.7,3,-1.00,-2.99,
XMR,bbrsi,2019-07-05 13:00:00,5m,,4,0.46,1.86,
XMR,bbrsi,2019-07-06 13:00:00,5m,50.0,2,0.39,0.78,
XMR,bbrsi,2019-07-07 13:00:00,5m,,2,0.83,1.67,
XMR,bbrsi,2019-07-08 13:00:00,5m,,1,-2.01,-2.01,
XMR,bbrsi,2019-07-09 13:00:00,5m,75.0,4,-0.48,-1.91,
XMR,bbrsi,2019-07-10 13:00:00,5m,57.1,7,-0.94,-6.59,
XMR,bbrsi,2019-07-11 13:00:00,5m,,2,-3.69,-7.39,
XMR,bbrsi,2019-07-12 13:00:00,5m,33.3,3,-1.93,-5.78,
XMR,bbrsi,2019-07-13 13:00:00,5m,33.3,3,-2.32,-6.95,
XMR,bbrsi,2019-07-14 13:00:00,5m,50.0,6,-0.96,-5.75,
XMR,bbrsi,2019-07-15 13:00:00,5m,50.0,2,0.03,0.07,
XMR,bbrsi,2019-07-16 13:00:00,5m,50.0,4,-0.58,-2.33,
XMR,bbrsi,2019-07-17 13:00:00,5m,66.7,3,-0.18,-0.53,
XMR,bbrsi,2019-07-18 13:00:00,5m,33.3,3,-0.90,-2.69,
XMR,bbrsi,2019-07-19 13:00:00,5m,,3,0.56,1.67,
XMR,bbrsi,2019-07-20 13:00:00,5m,,2,0.25,0.51,
XMR,bbrsi,2019-07-21 13:00:00,5m,50.0,4,-0.90,-3.61,
XMR,bbrsi,2019-07-22 13:00:00,5m,50.0,2,-0.75,-1.51,
XMR,bbrsi,2019-07-23 13:00:00,5m,75.0,4,-0.37,-1.47,
XMR,bbrsi,2019-07-24 13:00:00,5m,75.0,4,0.62,2.46,
XMR,bbrsi,2019-07-25 13:00:00,5m,50.0,2,-1.79,-3.59,
XMR,bbrsi,2019-07-26 13:00:00,5m,,2,0.21,0.41,
XMR,bbrsi,2019-07-27 13:00:00,5m,66.7,3,-0.16,-0.47,
XMR,bbrsi,2019-07-28 13:00:00,5m,66.7,3,-0.06,-0.19,
XMR,bbrsi,2019-07-29 13:00:00,5m,,2,0.02,0.03,
XMR,bbrsi,2019-07-30 13:00:00,5m,,1,0.00,0.00,
XMR,bbrsi,2019-07-31 13:00:00,5m,,1,-0.91,-0.91,
XMR,bbrsi,2019-08-01 13:00:00,5m,,2,0.41,0.83,
XMR,bbrsi,2019-08-02 13:00:00,5m,,2,0.23,0.46,
XMR,bbrsi,2019-08-03 13:00:00,5m,,2,0.40,0.79,
XMR,bbrsi,2019-08-04 13:00:00,5m,,3,0.24,0.73,
XMR,bbrsi,2019-08-05 13:00:00,5m,,3,0.55,1.65,
XMR,bbrsi,2019-08-06 13:00:00,5m,66.7,3,-0.92,-2.75,
XMR,bbrsi,2019-08-07 13:00:00,5m,,1,-1.85,-1.85,
XMR,bbrsi,2019-08-08 13:00:00,5m,66.7,3,0.02,0.06,
XMR,bbrsi,2019-08-09 13:00:00,5m,,4,0.59,2.37,
XMR,bbrsi,2019-08-10 13:00:00,5m,66.7,3,0.12,0.36,
XMR,bbrsi,2019-08-11 13:00:00,5m,66.7,3,-0.16,-0.48,
XMR,bbrsi,2019-08-12 13:00:00,5m,66.7,3,-0.38,-1.14,
XMR,bbrsi,2019-08-13 13:00:00,5m,33.3,3,-1.16,-3.48,
XMR,bbrsi,2019-08-14 13:00:00,5m,,3,0.58,1.73,
XMR,bbrsi,2019-08-15 21:00:00,5m,,1,-3.69,-3.69,
XMR,bbrsi,2019-08-16 21:00:00,5m,66.7,3,0.37,1.11,
XMR,bbrsi,2019-08-17 21:00:00,5m,,3,0.27,0.81,
XMR,bbrsi,2019-08-18 21:00:00,5m,,2,0.51,1.01,
XMR,bbrsi,2019-08-19 21:00:00,5m,,1,-0.99,-0.99,
XMR,bbrsi,2019-08-20 21:00:00,5m,75.0,4,-0.54,-2.14,
XMR,bbrsi,2019-08-21 21:00:00,5m,,3,0.34,1.01,
XMR,bbrsi,2019-08-22 21:00:00,5m,,5,0.48,2.40,
XMR,bbrsi,2019-08-23 21:00:00,5m,,1,-3.69,-3.69,
XMR,bbrsi,2019-08-24 21:00:00,5m,66.7,3,0.17,0.50,
XMR,bbrsi,2019-08-25 21:00:00,5m,,3,0.17,0.52,
XMR,bbrsi,2019-08-26 21:00:00,5m,,1,-1.39,-1.39,
XMR,bbrsi,2019-08-27 21:00:00,5m,75.0,4,-0.66,-2.63,
XMR,bbrsi,2019-08-28 21:00:00,5m,33.3,3,-1.42,-4.27,
XMR,bbrsi,2019-08-29 21:00:00,5m,50.0,2,-0.21,-0.42,
XMR,bbrsi,2019-08-30 21:00:00,5m,,1,0.13,0.13,
XMR,bbrsi,2019-08-31 21:00:00,5m,,2,0.54,1.07,
XMR,bbrsi,2019-09-01 21:00:00,5m,,1,0.07,0.07,
XMR,bbrsi,2019-09-02 21:00:00,5m,,2,0.51,1.02,
XMR,bbrsi,2019-09-03 21:00:00,5m,50.0,2,-1.77,-3.53,
XMR,bbrsi,2019-09-04 21:00:00,5m,66.7,3,0.08,0.24,
XMR,bbrsi,2019-09-05 21:00:00,5m,,1,0.58,0.58,
XMR,bbrsi,2019-09-06 21:00:00,5m,,1,0.05,0.05,
XMR,bbrsi,2019-09-07 21:00:00,5m,,1,-1.69,-1.69,
XMR,bbrsi,2019-09-08 21:00:00,5m,66.7,3,-0.88,-2.65,
XMR,bbrsi,2019-09-09 21:00:00,5m,75.0,4,-0.39,-1.56,
XMR,bbrsi,2019-09-10 21:00:00,5m,50.0,2,-1.64,-3.29,
XMR,bbrsi,2019-09-11 21:00:00,5m,,2,0.32,0.64,
XMR,bbrsi,2019-09-12 21:00:00,5m,,1,-2.17,-2.17,
XMR,bbrsi,2019-09-13 21:00:00,5m,,3,1.01,3.04,
XMR,bbrsi,2019-09-14 21:00:00,5m,,3,0.31,0.92,
XMR,bbrsi,2019-09-15 21:00:00,5m,50.0,2,-1.67,-3.34,
XMR,bbrsi,2019-09-16 21:00:00,5m,50.0,2,-0.19,-0.37,
XMR,bbrsi,2019-09-17 21:00:00,5m,75.0,4,0.14,0.56,
XMR,bbrsi,2019-09-18 21:00:00,5m,,2,1.86,3.72,
XMR,bbrsi,2019-09-19 21:00:00,5m,66.7,3,-1.22,-3.67,
XMR,bbrsi,2019-09-20 21:00:00,5m,,3,0.54,1.63,
XMR,bbrsi,2019-09-21 21:00:00,5m,50.0,2,-0.22,-0.43,
XMR,bbrsi,2019-09-22 21:00:00,5m,,1,-2.48,-2.48,
XMR,bbrsi,2019-09-23 21:00:00,5m,,2,-3.69,-7.39,
XMR,bbrsi,2019-09-24 21:00:00,5m,,2,1.57,3.15,
XMR,bbrsi,2019-09-25 21:00:00,5m,,1,0.59,0.59,
XMR,bbrsi,2019-09-26 21:00:00,5m,,3,2.59,7.77,
XMR,bbrsi,2019-09-27 21:00:00,5m,50.0,2,-0.06,-0.12,
XMR,bbrsi,2019-09-28 21:00:00,5m,33.3,3,-0.79,-2.38,
XMR,bbrsi,2019-09-29 21:00:00,5m,80.0,5,0.24,1.19,
XMR,bbrsi,2019-09-30 21:00:00,5m,,2,0.52,1.04,
XMR,bbrsi,2019-10-01 21:00:00,5m,,3,0.71,2.12,
XMR,bbrsi,2019-10-02 21:00:00,5m,66.7,3,-0.38,-1.13,
XMR,bbrsi,2019-10-03 21:00:00,5m,,1,0.49,0.49,
XMR,bbrsi,2019-10-04 21:00:00,5m,50.0,2,-0.76,-1.52,
XMR,bbrsi,2019-10-05 21:00:00,5m,66.7,3,-0.79,-2.37,
XMR,bbrsi,2019-10-06 21:00:00,5m,,4,0.43,1.72,
XMR,bbrsi,2019-10-07 21:00:00,5m,,1,-1.79,-1.79,
XMR,bbrsi,2019-10-08 21:00:00,5m,,3,0.27,0.80,
XMR,bbrsi,2019-10-09 21:00:00,5m,60.0,5,-0.64,-3.19,
XMR,bbrsi,2019-10-10 21:00:00,5m,75.0,4,0.17,0.70,
XMR,bbrsi,2019-10-11 21:00:00,5m,50.0,2,-0.89,-1.78,
XMR,bbrsi,2019-10-12 21:00:00,5m,,2,0.14,0.27,
XMR,bbrsi,2019-10-13 21:00:00,5m,50.0,2,0.02,0.04,
XMR,bbrsi,2019-10-14 21:00:00,5m,,3,0.31,0.93,
XMR,bbrsi,2019-10-15 21:00:00,5m,75.0,4,-0.59,-2.36,
XMR,bbrsi,2019-10-16 21:00:00,5m,,0,0.00,0.00,
XMR,bbrsi,2019-10-17 21:00:00,5m,50.0,2,-0.09,-0.19,
XMR,bbrsi,2019-10-18 21:00:00,5m,33.3,3,-1.08,-3.25,
XMR,bbrsi,2019-10-19 21:00:00,5m,,2,0.60,1.20,
XMR,bbrsi,2019-10-20 21:00:00,5m,,2,0.10,0.20,
XMR,bbrsi,2019-10-21 21:00:00,5m,60.0,5,-0.57,-2.84,
XMR,bbrsi,2019-10-22 21:00:00,5m,,3,-2.91,-8.73,
XMR,bbrsi,2019-10-23 21:00:00,5m,,3,0.33,1.00,
XMR,bbrsi,2019-10-24 21:00:00,5m,,1,0.17,0.17,
XMR,bbrsi,2019-10-25 21:00:00,5m,60.0,5,-0.45,-2.26,
XMR,bbrsi,2019-10-26 21:00:00,5m,,2,0.26,0.51,
XMR,bbrsi,2019-10-27 20:00:00,5m,,2,0.85,1.70,
XMR,bbrsi,2019-10-28 20:00:00,5m,,1,-0.92,-0.92,
XMR,bbrsi,2019-10-29 20:00:00,5m,,4,0.42,1.69,
XMR,bbrsi,2019-10-30 20:00:00,5m,,3,0.63,1.89,
XMR,bbrsi,2019-10-31 20:00:00,5m,,4,0.37,1.46,
XMR,bbrsi,2019-11-01 20:00:00,5m,,1,0.01,0.01,
XMR,bbrsi,2019-11-02 20:00:00,5m,,2,0.10,0.20,
XMR,bbrsi,2019-11-03 20:00:00,5m,50.0,2,-0.04,-0.09,
XMR,bbrsi,2019-11-04 20:00:00,5m,,2,0.12,0.24,
XMR,bbrsi,2019-11-05 20:00:00,5m,,2,0.15,0.31,
XMR,bbrsi,2019-11-06 20:00:00,5m,,1,0.03,0.03,
XMR,bbrsi,2019-11-07 20:00:00,5m,50.0,2,-1.65,-3.31,
XMR,bbrsi,2019-11-08 20:00:00,5m,,4,0.10,0.39,
XMR,bbrsi,2019-11-09 20:00:00,5m,,2,0.79,1.58,
XMR,bbrsi,2019-11-10 20:00:00,5m,50.0,2,-1.83,-3.65,
XMR,bbrsi,2019-11-11 20:00:00,5m,,2,0.34,0.68,
XMR,bbrsi,2019-11-12 20:00:00,5m,,3,0.99,2.96,
XMR,bbrsi,2019-11-13 22:20:00,5m,,4,0.41,1.64,
XMR,bbrsi,2019-11-14 22:20:00,5m,50.0,2,-0.40,-0.80,
XMR,bbrsi,2019-11-15 22:20:00,5m,66.7,3,-0.40,-1.21,
XMR,bbrsi,2019-11-16 22:20:00,5m,83.3,6,0.36,2.18,
XMR,bbrsi,2019-11-17 22:20:00,5m,66.7,3,-1.01,-3.03,
XMR,bbrsi,2019-11-18 22:20:00,5m,,2,0.45,0.90,
XMR,bbrsi,2019-11-19 22:20:00,5m,,3,0.12,0.37,
XMR,bbrsi,2019-11-20 22:20:00,5m,33.3,3,-1.31,-3.92,
XMR,bbrsi,2019-11-21 22:20:00,5m,25.0,4,-1.83,-7.33,
XMR,bbrsi,2019-11-22 22:20:00,5m,,4,0.62,2.48,
XMR,bbrsi,2019-11-23 22:20:00,5m,,3,-2.47,-7.40,
XMR,bbrsi,2019-11-24 22:20:00,5m,75.0,4,-0.28,-1.12,
XMR,bbrsi,2019-11-26 00:20:00,5m,,2,0.16,0.32,
XMR,bbrsi,2019-11-27 00:20:00,5m,,2,0.50,0.99,
XMR,bbrsi,2019-11-28 00:20:00,5m,,3,0.85,2.54,
XMR,bbrsi,2019-11-29 00:20:00,5m,,2,1.27,2.54,
XMR,bbrsi,2019-11-30 00:20:00,5m,,4,0.26,1.05,
XMR,bbrsi,2019-12-01 00:20:00,5m,,1,0.41,0.41,
XMR,bbrsi,2019-12-02 00:20:00,5m,,3,0.54,1.61,
XMR,bbrsi,2019-12-03 00:20:00,5m,50.0,2,-0.64,-1.27,
XMR,bbrsi,2019-12-04 00:20:00,5m,,1,-0.18,-0.18,
XMR,bbrsi,2019-12-05 00:20:00,5m,66.7,3,0.19,0.58,
XMR,bbrsi,2019-12-06 00:20:00,5m,,4,0.86,3.45,
XMR,bbrsi,2019-12-07 00:20:00,5m,,4,0.18,0.74,
XMR,bbrsi,2019-12-08 00:20:00,5m,50.0,2,-0.33,-0.66,
XMR,bbrsi,2019-12-09 00:20:00,5m,80.0,5,0.29,1.45,
XMR,bbrsi,2019-12-10 00:20:00,5m,,1,-0.11,-0.11,
XMR,bbrsi,2019-12-11 00:20:00,5m,50.0,2,-0.12,-0.25,
XMR,bbrsi,2019-12-12 00:20:00,5m,,3,0.53,1.58,
XMR,bbrsi,2019-12-13 00:20:00,5m,75.0,4,0.17,0.69,
XMR,bbrsi,2019-12-14 00:20:00,5m,50.0,2,-0.90,-1.81,
XMR,bbrsi,2019-12-15 00:20:00,5m,50.0,2,-0.56,-1.12,
XMR,bbrsi,2019-12-16 00:20:00,5m,,4,0.22,0.88,
XMR,bbrsi,2019-12-17 00:20:00,5m,33.3,3,-1.70,-5.10,
XMR,bbrsi,2019-12-18 00:20:00,5m,66.7,3,-1.04,-3.11,
XMR,bbrsi,2019-12-19 00:20:00,5m,80.0,5,0.42,2.12,
XMR,bbrsi,2019-12-20 00:20:00,5m,,3,0.26,0.77,
XMR,bbrsi,2019-12-21 00:20:00,5m,50.0,2,-1.30,-2.60,
XMR,bbrsi,2019-12-22 00:20:00,5m,,2,0.37,0.74,
XMR,bbrsi,2019-12-23 00:20:00,5m,50.0,2,-1.31,-2.62,
XMR,bbrsi,2019-12-24 00:20:00,5m,50.0,2,-1.50,-2.99,
XMR,bbrsi,2019-12-25 00:20:00,5m,,1,0.02,0.02,
XMR,bbrsi,2019-12-26 00:20:00,5m,66.7,3,0.04,0.12,
XMR,bbrsi,2019-12-27 00:20:00,5m,,1,-2.16,-2.16,
XMR,bbrsi,2019-12-28 00:20:00,5m,,4,0.13,0.52,
XMR,bbrsi,2019-12-29 00:20:00,5m,,4,0.15,0.62,
XMR,bbrsi,2019-12-30 00:20:00,5m,50.0,2,-0.54,-1.09,
XMR,bbrsi,2019-12-31 00:20:00,5m,,2,0.13,0.26,
XMR,bbrsi,2020-01-01 00:20:00,5m,,1,0.06,0.06,
XMR,bbrsi,2020-01-02 00:20:00,5m,66.7,3,-0.18,-0.53,
XMR,bbrsi,2020-01-03 00:20:00,5m,,2,0.87,1.75,
XMR,bbrsi,2020-01-04 00:20:00,5m,,1,1.18,1.18,
XMR,bbrsi,2020-01-05 00:20:00,5m,66.7,3,0.43,1.30,
XMR,bbrsi,2020-01-06 00:20:00,5m,,1,0.51,0.51,
XMR,bbrsi,2020-01-07 00:20:00,5m,,1,-3.69,-3.69,
XMR,bbrsi,2020-01-08 00:20:00,5m,50.0,2,-1.27,-2.53,
XMR,bbrsi,2020-01-09 00:20:00,5m,,3,0.48,1.43,
XMR,bbrsi,2020-01-10 00:20:00,5m,,3,0.30,0.89,
XMR,bbrsi,2020-01-11 00:20:00,5m,50.0,2,0.19,0.37,
XMR,bbrsi,2020-01-12 00:20:00,5m,50.0,2,0.05,0.10,
XMR,bbrsi,2020-01-13 00:20:00,5m,66.7,3,-0.09,-0.26,
XMR,bbrsi,2020-01-14 00:20:00,5m,,2,2.15,4.30,
XMR,bbrsi,2020-01-15 00:20:00,5m,50.0,2,-1.82,-3.64,
XMR,bbrsi,2020-01-16 00:20:00,5m,,3,0.78,2.33,
XMR,bbrsi,2020-01-17 00:20:00,5m,,1,0.56,0.56,
XMR,bbrsi,2020-01-18 00:20:00,5m,50.0,2,-0.83,-1.67,
XMR,bbrsi,2020-01-19 00:20:00,5m,66.7,3,-0.58,-1.73,
XMR,bbrsi,2020-01-20 00:20:00,5m,,4,0.26,1.03,
XMR,bbrsi,2020-01-21 00:20:00,5m,,5,0.24,1.20,
XMR,bbrsi,2020-01-22 00:20:00,5m,,3,0.23,0.69,
XMR,bbrsi,2020-01-23 00:20:00,5m,66.7,3,-1.19,-3.58,
XMR,bbrsi,2020-01-24 00:20:00,5m,33.3,3,-1.20,-3.61,
XMR,bbrsi,2020-01-25 00:20:00,5m,,2,0.34,0.68,
XMR,bbrsi,2020-01-26 00:20:00,5m,50.0,2,-0.30,-0.61,
XMR,bbrsi,2020-01-27 00:20:00,5m,,3,0.51,1.53,
XMR,bbrsi,2020-01-28 00:20:00,5m,,3,0.34,1.01,
XMR,bbrsi,2020-01-29 00:20:00,5m,,1,0.68,0.68,
XMR,bbrsi,2020-01-30 00:20:00,5m,,2,0.45,0.89,
XMR,bbrsi,2020-01-31 00:20:00,5m,66.7,3,-0.72,-2.16,
XMR,bbrsi,2020-02-01 00:20:00,5m,50.0,2,0.18,0.36,
XMR,bbrsi,2020-02-02 00:20:00,5m,,1,0.89,0.89,
XMR,bbrsi,2020-02-03 00:20:00,5m,66.7,3,0.16,0.48,
XMR,bbrsi,2020-02-04 00:20:00,5m,50.0,2,-1.59,-3.18,
XMR,bbrsi,2020-02-05 00:20:00,5m,,3,0.30,0.90,
XMR,bbrsi,2020-02-06 00:20:00,5m,,1,-1.39,-1.39,
XMR,bbrsi,2020-02-07 00:20:00,5m,,4,0.09,0.37,
XMR,bbrsi,2020-02-08 00:20:00,5m,,2,0.15,0.30,
XMR,bbrsi,2020-02-09 00:20:00,5m,,3,0.79,2.36,
XMR,bbrsi,2020-02-10 01:20:00,5m,,2,-2.51,-5.03,
XMR,bbrsi,2020-02-11 01:20:00,5m,,2,0.29,0.57,
XMR,bbrsi,2020-02-12 01:20:00,5m,,2,0.62,1.24,
XMR,bbrsi,2020-02-13 01:20:00,5m,,4,0.73,2.93,
XMR,bbrsi,2020-02-14 01:20:00,5m,,2,0.82,1.63,
XMR,bbrsi,2020-02-15 01:20:00,5m,66.7,3,-0.37,-1.10,
XMR,bbrsi,2020-02-16 01:20:00,5m,50.0,4,-1.50,-6.00,
XMR,bbrsi,2020-02-17 01:20:00,5m,75.0,4,0.27,1.07,
XMR,bbrsi,2020-02-18 01:20:00,5m,,2,1.46,2.93,
XMR,bbrsi,2020-02-19 01:20:00,5m,66.7,6,-0.62,-3.73,
XMR,bbrsi,2020-02-20 07:10:00,5m,,4,1.06,4.23,
XMR,bbrsi,2020-02-21 07:10:00,5m,,2,0.72,1.45,
XMR,bbrsi,2020-02-22 07:10:00,5m,,1,0.15,0.15,
XMR,bbrsi,2020-02-23 07:10:00,5m,,2,0.37,0.75,
XMR,bbrsi,2020-02-24 07:10:00,5m,66.7,3,-0.85,-2.56,
XMR,bbrsi,2020-02-25 07:10:00,5m,66.7,3,-0.82,-2.47,
XMR,bbrsi,2020-02-26 07:10:00,5m,66.7,3,-1.03,-3.10,
XMR,bbrsi,2020-02-27 07:10:00,5m,66.7,3,-0.02,-0.05,
XMR,bbrsi,2020-02-28 07:10:00,5m,66.7,3,-1.21,-3.64,
XMR,bbrsi,2020-02-29 07:10:00,5m,,3,0.55,1.65,
XMR,bbrsi,2020-03-01 07:10:00,5m,66.7,3,-0.87,-2.62,
XMR,bbrsi,2020-03-02 07:10:00,5m,,1,0.08,0.08,
XMR,bbrsi,2020-03-03 07:10:00,5m,,3,0.33,0.99,
XMR,bbrsi,2020-03-04 07:10:00,5m,,2,0.09,0.19,
XMR,bbrsi,2020-03-05 09:15:00,5m,,1,-0.86,-0.86,
XMR,bbrsi,2020-03-06 09:15:00,5m,66.7,3,-0.09,-0.27,
XMR,bbrsi,2020-03-07 09:15:00,5m,50.0,2,-1.05,-2.11,
XMR,bbrsi,2020-03-08 09:15:00,5m,16.7,6,-2.85,-17.10,
XMR,bbrsi,2020-03-09 09:15:00,5m,40.0,5,-1.30,-6.52,
XMR,bbrsi,2020-03-10 09:15:00,5m,66.7,3,0.45,1.34,
XMR,bbrsi,2020-03-11 09:15:00,5m,20.0,5,-1.77,-8.84,
XMR,bbrsi,2020-03-12 09:15:00,5m,50.0,6,0.32,1.90,
XMR,bbrsi,2020-03-13 09:15:00,5m,50.0,4,0.17,0.69,
XMR,bbrsi,2020-03-14 09:15:00,5m,33.3,3,-0.95,-2.84,
XMR,bbrsi,2020-03-15 09:15:00,5m,50.0,4,-0.73,-2.93,
XMR,bbrsi,2020-03-16 09:15:00,5m,,1,4.51,4.51,
XMR,bbrsi,2020-03-17 09:15:00,5m,50.0,4,-0.10,-0.38,
XMR,bbrsi,2020-03-18 09:15:00,5m,,4,1.39,5.55,
XMR,bbrsi,2020-03-19 09:15:00,5m,,2,1.13,2.26,
XMR,bbrsi,2020-03-20 09:15:00,5m,50.0,4,1.02,4.09,
XMR,bbrsi,2020-03-21 09:15:00,5m,,3,1.83,5.48,
XMR,bbrsi,2020-03-22 09:15:00,5m,50.0,2,-1.55,-3.10,
XMR,bbrsi,2020-03-23 09:15:00,5m,,3,1.04,3.12,
XMR,bbrsi,2020-03-24 09:15:00,5m,,4,1.56,6.24,
XMR,bbrsi,2020-03-25 09:15:00,5m,66.7,3,0.66,1.99,
XMR,bbrsi,2020-03-26 09:15:00,5m,,3,0.87,2.62,
XMR,bbrsi,2020-03-27 09:15:00,5m,80.0,5,-0.29,-1.44,
XMR,bbrsi,2020-03-28 09:15:00,5m,50.0,2,-0.77,-1.54,
XMR,bbrsi,2020-03-29 10:15:00,5m,66.7,3,-0.95,-2.84,
XMR,bbrsi,2020-03-30 10:15:00,5m,,2,0.44,0.88,
XMR,bbrsi,2020-03-31 10:15:00,5m,,3,0.30,0.91,
XMR,bbrsi,2020-04-01 10:15:00,5m,,4,0.39,1.57,
XMR,bbrsi,2020-04-02 10:15:00,5m,,1,1.82,1.82,
XMR,bbrsi,2020-04-03 10:15:00,5m,50.0,2,0.55,1.10,
XMR,bbrsi,2020-04-04 10:15:00,5m,,1,-1.32,-1.32,
XMR,bbrsi,2020-04-05 10:15:00,5m,,1,0.28,0.28,
XMR,bbrsi,2020-04-06 10:15:00,5m,,1,0.95,0.95,
XMR,bbrsi,2020-04-07 10:15:00,5m,,2,-1.93,-3.86,
XMR,bbrsi,2020-04-08 10:15:00,5m,,3,0.31,0.94,
XMR,bbrsi,2020-04-09 10:15:00,5m,33.3,3,-2.13,-6.39,
XMR,bbrsi,2020-04-10 10:15:00,5m,50.0,4,-0.45,-1.78,
XMR,bbrsi,2020-04-11 10:15:00,5m,50.0,2,-0.04,-0.09,
XMR,bbrsi,2020-04-12 10:15:00,5m,33.3,3,-1.34,-4.02,
XMR,bbrsi,2020-04-13 10:15:00,5m,,1,0.59,0.59,
XMR,bbrsi,2020-04-14 10:15:00,5m,,2,0.18,0.37,
XMR,bbrsi,2020-04-15 10:15:00,5m,66.7,3,-0.99,-2.98,
XMR,bbrsi,2020-04-16 10:15:00,5m,,2,0.85,1.70,
XMR,bbrsi,2020-04-17 10:15:00,5m,66.7,3,0.03,0.09,
XMR,bbrsi,2020-04-18 10:15:00,5m,50.0,2,-0.39,-0.78,
XMR,bbrsi,2020-04-19 10:15:00,5m,50.0,2,-0.32,-0.64,
XMR,bbrsi,2020-04-20 10:15:00,5m,50.0,2,-0.80,-1.60,
XMR,bbrsi,2020-04-21 10:15:00,5m,,3,0.42,1.25,
XMR,bbrsi,2020-04-22 10:15:00,5m,75.0,4,-0.10,-0.38,
XMR,bbrsi,2020-04-23 10:15:00,5m,,0,0.00,0.00,
XMR,bbrsi,2020-04-24 10:15:00,5m,66.7,3,-0.03,-0.10,
XMR,bbrsi,2020-04-25 12:45:00,5m,,2,0.34,0.69,
XMR,bbrsi,2020-04-26 12:45:00,5m,,1,0.32,0.32,
XMR,bbrsi,2020-04-27 12:45:00,5m,,1,0.46,0.46,
XMR,bbrsi,2020-04-28 12:45:00,5m,,1,0.10,0.10,
XMR,bbrsi,2020-04-29 12:45:00,5m,66.7,3,-0.70,-2.11,
XMR,bbrsi,2020-04-30 12:45:00,5m,50.0,2,-1.75,-3.51,
XMR,bbrsi,2020-05-01 12:45:00,5m,,1,-0.67,-0.67,
XMR,bbrsi,2020-05-02 12:45:00,5m,50.0,2,-0.26,-0.52,
XMR,bbrsi,2020-05-03 12:45:00,5m,50.0,2,-1.70,-3.39,
XMR,bbrsi,2020-05-04 12:45:00,5m,,2,0.53,1.07,
XMR,bbrsi,2020-05-05 12:45:00,5m,,2,0.36,0.73,
XMR,bbrsi,2020-05-06 12:45:00,5m,75.0,4,-0.72,-2.89,
XMR,bbrsi,2020-05-07 12:45:00,5m,,2,0.82,1.65,
XMR,bbrsi,2020-05-08 12:45:00,5m,,4,0.22,0.89,
XMR,bbrsi,2020-05-09 12:45:00,5m,50.0,2,-1.71,-3.42,
XMR,bbrsi,2020-05-10 12:45:00,5m,80.0,5,0.15,0.73,
XMR,bbrsi,2020-05-11 12:45:00,5m,83.3,6,0.16,0.95,
XMR,bbrsi,2020-05-12 12:45:00,5m,,2,0.59,1.18,
XMR,bbrsi,2020-05-13 12:45:00,5m,50.0,2,-1.56,-3.12,
XMR,bbrsi,2020-05-14 12:45:00,5m,66.7,3,0.07,0.22,
XMR,bbrsi,2020-05-15 12:45:00,5m,,3,0.47,1.40,
XMR,bbrsi,2020-05-16 12:45:00,5m,,1,0.06,0.06,
XMR,bbrsi,2020-05-17 12:45:00,5m,50.0,2,-0.24,-0.47,
XMR,bbrsi,2020-05-18 12:45:00,5m,,2,0.28,0.56,
XMR,bbrsi,2020-05-19 12:45:00,5m,75.0,4,0.14,0.56,
XMR,bbrsi,2020-05-20 12:45:00,5m,60.0,5,-0.99,-4.93,
XMR,bbrsi,2020-05-21 12:45:00,5m,66.7,3,-0.79,-2.38,
XMR,bbrsi,2020-05-22 12:45:00,5m,,1,0.11,0.11,
XMR,bbrsi,2020-05-23 12:45:00,5m,,5,0.23,1.17,
XMR,bbrsi,2020-05-24 12:45:00,5m,,3,0.28,0.83,
XMR,bbrsi,2020-05-25 12:45:00,5m,75.0,4,0.13,0.53,
XMR,bbrsi,2020-05-26 12:45:00,5m,,4,0.28,1.12,
XMR,bbrsi,2020-05-27 12:45:00,5m,,1,-1.68,-1.68,
XMR,bbrsi,2020-05-28 12:45:00,5m,50.0,2,-0.66,-1.32,
XMR,bbrsi,2020-05-29 12:45:00,5m,66.7,3,-0.03,-0.10,
XMR,bbrsi,2020-05-30 12:45:00,5m,50.0,2,-0.26,-0.53,
XMR,bbrsi,2020-05-31 12:45:00,5m,75.0,4,-0.41,-1.66,
XMR,bbrsi,2020-06-01 12:45:00,5m,,2,0.70,1.40,
XMR,bbrsi,2020-06-02 12:45:00,5m,,4,0.34,1.36,
XMR,bbrsi,2020-06-03 12:45:00,5m,,1,0.07,0.07,
XMR,bbrsi,2020-06-04 12:45:00,5m,,1,0.82,0.82,
XMR,bbrsi,2020-06-05 12:45:00,5m,50.0,2,-0.15,-0.30,
XMR,bbrsi,2020-06-06 12:45:00,5m,66.7,3,0.19,0.58,
XMR,bbrsi,2020-06-07 12:45:00,5m,75.0,4,-0.68,-2.71,
XMR,bbrsi,2020-06-08 12:45:00,5m,50.0,2,0.09,0.17,
XMR,bbrsi,2020-06-09 12:45:00,5m,,2,0.20,0.39,
XMR,bbrsi,2020-06-10 12:45:00,5m,50.0,2,-0.73,-1.46,
XMR,bbrsi,2020-06-11 12:45:00,5m,66.7,3,-0.96,-2.88,
XMR,bbrsi,2020-06-12 12:45:00,5m,,4,0.12,0.48,
XMR,bbrsi,2020-06-13 12:45:00,5m,75.0,4,-0.05,-0.21,
XMR,bbrsi,2020-06-14 12:45:00,5m,,2,-2.76,-5.52,
XMR,bbrsi,2020-06-15 12:45:00,5m,,3,0.32,0.97,
XMR,bbrsi,2020-06-16 12:45:00,5m,,4,0.26,1.03,
XMR,bbrsi,2020-06-17 12:45:00,5m,50.0,2,-0.04,-0.07,
XMR,bbrsi,2020-06-18 12:45:00,5m,,3,0.14,0.41,
XMR,bbrsi,2020-06-19 12:45:00,5m,,3,0.06,0.19,
XMR,bbrsi,2020-06-20 12:45:00,5m,,2,0.07,0.15,
XMR,bbrsi,2020-06-21 12:45:00,5m,75.0,4,0.03,0.13,
XMR,bbrsi,2020-06-22 12:45:00,5m,,0,0.00,0.00,
XMR,bbrsi,2020-06-23 12:45:00,5m,50.0,2,-0.49,-0.98,
XMR,bbrsi,2020-06-24 12:45:00,5m,,1,-1.38,-1.38,
XMR,bbrsi,2020-06-25 12:45:00,5m,66.7,3,0.06,0.18,
XMR,bbrsi,2020-06-26 12:45:00,5m,66.7,3,-0.04,-0.11,
XMR,bbrsi,2020-06-27 12:45:00,5m,66.7,3,-0.71,-2.12,
XMR,bbrsi,2020-06-28 16:15:00,5m,,3,0.19,0.58,
XMR,bbrsi,2020-06-29 16:15:00,5m,66.7,3,0.01,0.04,
XMR,bbrsi,2020-06-30 16:15:00,5m,,5,0.23,1.15,
XMR,bbrsi,2020-07-01 16:15:00,5m,,1,0.00,0.00,
XMR,bbrsi,2020-07-02 16:15:00,5m,50.0,2,-0.62,-1.25,
XMR,bbrsi,2020-07-03 16:15:00,5m,,3,0.24,0.72,
XMR,bbrsi,2020-07-04 16:15:00,5m,50.0,2,-0.63,-1.26,
XMR,bbrsi,2020-07-05 16:15:00,5m,,2,0.63,1.26,
XMR,bbrsi,2020-07-06 16:15:00,5m,,1,-0.85,-0.85,
XMR,bbrsi,2020-07-07 16:15:00,5m,,3,0.21,0.62,
XMR,bbrsi,2020-07-08 16:15:00,5m,66.7,3,0.22,0.65,
XMR,bbrsi,2020-07-09 16:15:00,5m,,1,0.28,0.28,
XMR,bbrsi,2020-07-10 16:15:00,5m,50.0,2,-0.43,-0.86,
XMR,bbrsi,2020-07-11 16:15:00,5m,75.0,4,0.00,0.02,
XMR,bbrsi,2020-07-12 16:15:00,5m,,2,0.37,0.74,
XMR,bbrsi,2020-07-13 16:15:00,5m,50.0,4,-0.50,-2.00,
XMR,bbrsi,2020-07-14 16:15:00,5m,50.0,2,-0.05,-0.09,
XMR,bbrsi,2020-07-15 16:15:00,5m,66.7,3,-0.31,-0.94,
XMR,bbrsi,2020-07-16 16:15:00,5m,,1,-0.11,-0.11,
XMR,bbrsi,2020-07-17 16:15:00,5m,,4,0.12,0.49,
XMR,bbrsi,2020-07-18 16:15:00,5m,,2,0.04,0.08,
XMR,bbrsi,2020-07-19 16:15:00,5m,,2,0.06,0.12,
XMR,bbrsi,2020-07-20 16:15:00,5m,,1,0.00,0.00,
XMR,bbrsi,2020-07-21 16:15:00,5m,,1,-1.32,-1.32,
XMR,bbrsi,2020-07-22 16:15:00,5m,,2,0.20,0.39,
XMR,bbrsi,2020-07-23 16:15:00,5m,50.0,2,-0.68,-1.35,
XMR,bbrsi,2020-07-24 16:15:00,5m,,2,0.05,0.10,
XMR,bbrsi,2020-07-25 16:15:00,5m,66.7,3,-0.14,-0.42,
XMR,bbrsi,2020-07-26 16:15:00,5m,50.0,2,-0.21,-0.43,
XMR,bbrsi,2020-07-27 16:15:00,5m,,3,0.24,0.71,
XMR,bbrsi,2020-07-28 16:15:00,5m,,3,0.59,1.76,
XMR,bbrsi,2020-07-29 16:15:00,5m,,6,0.67,4.01,
XMR,bbrsi,2020-07-30 16:15:00,5m,,2,0.22,0.45,
XMR,bbrsi,2020-07-31 16:15:00,5m,,4,0.36,1.43,
XMR,bbrsi,2020-08-01 16:15:00,5m,,2,1.22,2.43,
XMR,bbrsi,2020-08-02 16:15:00,5m,,1,0.04,0.04,
XMR,bbrsi,2020-08-03 16:15:00,5m,66.7,3,-0.61,-1.83,
XMR,bbrsi,2020-08-04 16:15:00,5m,,2,0.12,0.24,
XMR,bbrsi,2020-08-05 16:15:00,5m,,1,0.06,0.06,
XMR,bbrsi,2020-08-06 16:15:00,5m,,3,0.51,1.53,
XMR,bbrsi,2020-08-07 16:15:00,5m,66.7,3,0.32,0.97,
XMR,bbrsi,2020-08-08 16:15:00,5m,,1,-1.00,-1.00,
XMR,bbrsi,2020-08-09 16:15:00,5m,66.7,3,-0.59,-1.76,
XMR,bbrsi,2020-08-10 16:15:00,5m,60.0,5,-0.67,-3.33,
XMR,bbrsi,2020-08-11 16:15:00,5m,66.7,3,-0.81,-2.43,
XMR,bbrsi,2020-08-12 16:15:00,5m,,3,0.24,0.71,
XMR,bbrsi,2020-08-13 16:15:00,5m,,1,0.19,0.19,
XMR,bbrsi,2020-08-14 16:15:00,5m,66.7,3,0.54,1.62,
XMR,bbrsi,2020-08-15 16:15:00,5m,75.0,4,0.05,0.21,
XMR,bbrsi,2020-08-16 16:15:00,5m,,2,0.34,0.69,
XMR,bbrsi,2020-08-17 16:15:00,5m,75.0,4,-0.10,-0.39,
XMR,bbrsi,2020-08-18 16:15:00,5m,75.0,4,-0.56,-2.25,
XMR,bbrsi,2020-08-19 16:15:00,5m,,4,0.80,3.20,
XMR,bbrsi,2020-08-20 16:15:00,5m,,3,0.38,1.14,
XMR,bbrsi,2020-08-21 16:15:00,5m,75.0,4,0.00,0.01,
XMR,bbrsi,2020-08-22 16:15:00,5m,50.0,2,-1.20,-2.39,
XMR,bbrsi,2020-08-23 16:15:00,5m,,2,0.40,0.80,
XMR,bbrsi,2020-08-24 16:15:00,5m,33.3,3,-1.27,-3.82,
XMR,bbrsi,2020-08-25 16:15:00,5m,,4,0.80,3.21,
XMR,bbrsi,2020-08-26 16:15:00,5m,,5,0.14,0.68,
XMR,bbrsi,2020-08-27 16:15:00,5m,,2,0.11,0.22,
XMR,bbrsi,2020-08-28 16:15:00,5m,50.0,2,-0.47,-0.94,
XMR,bbrsi,2020-08-29 16:15:00,5m,,1,0.01,0.01,
XMR,bbrsi,2020-08-30 16:15:00,5m,50.0,2,-0.50,-1.00,
XMR,bbrsi,2020-08-31 16:15:00,5m,,2,0.25,0.51,
XMR,bbrsi,2020-09-01 16:15:00,5m,50.0,4,-1.69,-6.78,
XMR,bbrsi,2020-09-02 16:15:00,5m,66.7,3,-0.85,-2.55,
XMR,bbrsi,2020-09-03 16:15:00,5m,50.0,4,-0.35,-1.39,
XMR,bbrsi,2020-09-04 16:15:00,5m,,2,0.66,1.31,
XMR,bbrsi,2020-09-05 16:15:00,5m,,2,0.82,1.65,
XMR,bbrsi,2020-09-06 16:15:00,5m,66.7,3,-0.09,-0.27,
XMR,bbrsi,2020-09-07 16:15:00,5m,50.0,2,0.46,0.93,
XMR,bbrsi,2020-09-08 16:15:00,5m,,4,0.40,1.60,
XMR,bbrsi,2020-09-09 16:15:00,5m,,4,0.53,2.11,
XMR,bbrsi,2020-09-10 16:15:00,5m,,2,0.10,0.19,
XMR,bbrsi,2020-09-11 16:15:00,5m,,3,0.26,0.77,
XMR,bbrsi,2020-09-12 16:15:00,5m,,1,-1.12,-1.12,
XMR,bbrsi,2020-09-13 16:15:00,5m,,2,0.39,0.78,
XMR,bbrsi,2020-09-14 16:15:00,5m,,2,0.44,0.88,
XMR,bbrsi,2020-09-15 16:15:00,5m,50.0,2,-0.36,-0.72,
XMR,bbrsi,2020-09-16 16:15:00,5m,,1,0.38,0.38,
XMR,bbrsi,2020-09-17 16:15:00,5m,,2,0.13,0.26,
XMR,bbrsi,2020-09-18 16:15:00,5m,,2,0.53,1.06,
XMR,bbrsi,2020-09-19 16:15:00,5m,,3,0.25,0.76,
XMR,bbrsi,2020-09-20 16:15:00,5m,50.0,4,-0.84,-3.34,
XMR,bbrsi,2020-09-21 16:15:00,5m,,3,0.90,2.69,
XMR,bbrsi,2020-09-22 16:15:00,5m,66.7,3,-0.75,-2.24,
XMR,bbrsi,2020-09-23 16:15:00,5m,,1,0.47,0.47,
XMR,bbrsi,2020-09-24 16:15:00,5m,,4,0.24,0.96,
XMR,bbrsi,2020-09-25 16:15:00,5m,,3,0.21,0.62,
XMR,bbrsi,2020-09-26 16:15:00,5m,,1,0.42,0.42,
XMR,bbrsi,2020-09-27 16:15:00,5m,50.0,2,-0.47,-0.94,
XMR,bbrsi,2020-09-28 16:15:00,5m,50.0,2,0.21,0.43,
XMR,bbrsi,2020-09-29 16:15:00,5m,50.0,2,-0.53,-1.06,
XMR,bbrsi,2020-09-30 16:15:00,5m,,3,0.86,2.58,
XMR,bbrsi,2020-10-01 16:15:00,5m,60.0,5,-0.54,-2.71,
XMR,bbrsi,2020-10-02 16:15:00,5m,,4,0.92,3.70,
XMR,bbrsi,2020-10-03 16:15:00,5m,,3,0.27,0.82,
XMR,bbrsi,2020-10-04 16:15:00,5m,,4,0.36,1.44,
XMR,bbrsi,2020-10-05 16:15:00,5m,,3,0.34,1.01,
XMR,bbrsi,2020-10-06 16:15:00,5m,75.0,4,-0.64,-2.56,
XMR,bbrsi,2020-10-07 16:15:00,5m,,3,0.39,1.16,
XMR,bbrsi,2020-10-08 16:15:00,5m,,1,0.31,0.31,
XMR,bbrsi,2020-10-09 16:15:00,5m,,3,0.58,1.74,
XMR,bbrsi,2020-10-10 16:15:00,5m,,1,0.05,0.05,
XMR,bbrsi,2020-10-11 16:15:00,5m,,2,1.33,2.66,
XMR,bbrsi,2020-10-12 16:15:00,5m,60.0,5,-0.57,-2.87,
XMR,bbrsi,2020-10-13 16:15:00,5m,,3,0.72,2.16,
XMR,bbrsi,2020-10-14 16:15:00,5m,,4,0.07,0.28,
XMR,bbrsi,2020-10-15 16:15:00,5m,60.0,5,-0.59,-2.93,
XMR,bbrsi,2020-10-16 16:15:00,5m,50.0,2,-0.05,-0.09,
XMR,bbrsi,2020-10-17 16:15:00,5m,,0,0.00,0.00,
XMR,bbrsi,2020-10-18 16:15:00,5m,,2,0.03,0.07,
XMR,bbrsi,2020-10-19 16:15:00,5m,,1,-3.69,-3.69,
XMR,bbrsi,2020-10-20 16:15:00,5m,,2,0.60,1.20,
XMR,bbrsi,2020-10-21 16:15:00,5m,66.7,3,-0.66,-1.97,
XMR,bbrsi,2020-10-22 16:15:00,5m,66.7,3,0.08,0.25,
XMR,bbrsi,2020-10-23 16:15:00,5m,,1,0.12,0.12,
XMR,bbrsi,2020-10-24 16:15:00,5m,,1,0.85,0.85,
XMR,bbrsi,2020-10-25 15:15:00,5m,,4,0.59,2.35,
XMR,bbrsi,2020-10-26 15:15:00,5m,,3,0.70,2.09,
XMR,bbrsi,2020-10-27 15:15:00,5m,,3,0.42,1.26,
XMR,bbrsi,2020-10-28 15:15:00,5m,,2,0.17,0.34,
XMR,bbrsi,2020-10-29 15:15:00,5m,50.0,2,-1.23,-2.47,
XMR,bbrsi,2020-10-30 15:15:00,5m,,2,0.02,0.05,
XMR,bbrsi,2020-10-31 15:15:00,5m,,4,0.29,1.17,
XMR,bbrsi,2020-11-01 15:15:00,5m,,2,-2.02,-4.04,
XMR,bbrsi,2020-11-02 15:15:00,5m,,4,0.76,3.05,
XMR,bbrsi,2020-11-03 15:15:00,5m,75.0,4,-0.38,-1.50,
XMR,bbrsi,2020-11-04 15:15:00,5m,66.7,3,1.90,5.70,
XMR,bbrsi,2020-11-05 15:15:00,5m,,3,0.55,1.64,
XMR,bbrsi,2020-11-06 15:15:00,5m,66.7,3,0.03,0.09,
XMR,bbrsi,2020-11-07 15:15:00,5m,,2,0.40,0.80,
XMR,bbrsi,2020-11-08 15:15:00,5m,66.7,3,-0.31,-0.92,
XMR,bbrsi,2020-11-09 15:15:00,5m,,2,0.05,0.09,
XMR,bbrsi,2020-11-10 15:15:00,5m,50.0,2,-0.33,-0.65,
XMR,bbrsi,2020-11-11 15:15:00,5m,,4,0.49,1.98,
XMR,bbrsi,2020-11-12 15:15:00,5m,,2,0.18,0.35,
XMR,bbrsi,2020-11-13 15:15:00,5m,66.7,3,0.02,0.07,
XMR,bbrsi,2020-11-14 15:15:00,5m,,1,-0.25,-0.25,
XMR,bbrsi,2020-11-15 15:15:00,5m,,1,0.01,0.01,
XMR,bbrsi,2020-11-16 15:15:00,5m,,2,0.14,0.29,
XMR,bbrsi,2020-11-17 15:15:00,5m,75.0,4,-0.14,-0.57,
XMR,bbrsi,2020-11-18 15:15:00,5m,66.7,3,-0.59,-1.76,
XMR,bbrsi,2020-11-19 15:15:00,5m,,1,0.03,0.03,
XMR,bbrsi,2020-11-20 15:15:00,5m,,2,0.21,0.42,
XMR,bbrsi,2020-11-21 15:15:00,5m,60.0,5,-1.01,-5.07,
XMR,bbrsi,2020-11-22 15:15:00,5m,50.0,2,-0.40,-0.80,
XMR,bbrsi,2020-11-23 15:15:00,5m,,2,1.53,3.06,
XMR,bbrsi,2020-11-24 15:15:00,5m,,1,-1.19,-1.19,
XMR,bbrsi,2020-11-25 15:15:00,5m,28.6,7,-1.30,-9.12,
XMR,bbrsi,2020-11-26 15:15:00,5m,66.7,3,-0.66,-1.99,
XMR,bbrsi,2020-11-27 15:15:00,5m,,2,0.25,0.51,
XMR,bbrsi,2020-11-28 15:15:00,5m,,3,0.25,0.74,
XMR,bbrsi,2020-11-29 15:15:00,5m,,2,0.19,0.38,
XMR,bbrsi,2020-11-30 16:15:00,5m,66.7,3,-0.36,-1.08,
XMR,bbrsi,2020-12-01 16:15:00,5m,,3,0.06,0.19,
XMR,bbrsi,2020-12-02 16:15:00,5m,,4,0.58,2.32,
XMR,bbrsi,2020-12-03 16:15:00,5m,,2,0.39,0.79,
XMR,bbrsi,2020-12-04 16:15:00,5m,75.0,4,-0.39,-1.57,
XMR,bbrsi,2020-12-05 16:15:00,5m,50.0,2,-1.57,-3.14,
XMR,bbrsi,2020-12-06 16:15:00,5m,,1,0.47,0.47,
XMR,bbrsi,2020-12-07 16:15:00,5m,66.7,3,0.29,0.88,
XMR,bbrsi,2020-12-08 16:15:00,5m,50.0,4,-1.27,-5.08,
XMR,bbrsi,2020-12-09 16:15:00,5m,,3,0.13,0.38,
XMR,bbrsi,2020-12-10 16:15:00,5m,50.0,2,-0.01,-0.03,
XMR,bbrsi,2020-12-11 16:15:00,5m,,1,-2.08,-2.08,
XMR,bbrsi,2020-12-12 16:15:00,5m,50.0,2,-0.07,-0.14,
XMR,bbrsi,2020-12-13 16:15:00,5m,,3,0.28,0.83,
XMR,bbrsi,2020-12-14 16:15:00,5m,,1,-1.35,-1.35,
XMR,bbrsi,2020-12-15 16:15:00,5m,,2,0.27,0.54,
XMR,bbrsi,2020-12-16 16:15:00,5m,,3,0.44,1.33,
XMR,bbrsi,2020-12-17 16:15:00,5m,66.7,3,0.12,0.37,
XMR,bbrsi,2020-12-18 16:15:00,5m,,3,0.32,0.97,
XMR,bbrsi,2020-12-19 16:15:00,5m,50.0,2,-0.53,-1.06,
XMR,bbrsi,2020-12-20 16:15:00,5m,,2,1.25,2.49,
XMR,bbrsi,2020-12-21 20:05:00,5m,,2,0.12,0.25,
XMR,bbrsi,2020-12-22 20:05:00,5m,66.7,3,1.17,3.52,
XMR,bbrsi,2020-12-23 20:05:00,5m,60.0,5,-0.72,-3.60,
XMR,bbrsi,2020-12-24 20:05:00,5m,,2,0.82,1.64,
XMR,bbrsi,2020-12-25 21:05:00,5m,,3,0.55,1.64,
XMR,bbrsi,2020-12-26 21:05:00,5m,80.0,5,0.15,0.76,
XMR,bbrsi,2020-12-27 21:05:00,5m,,7,1.24,8.69,
XMR,bbrsi,2020-12-28 21:05:00,5m,,2,0.12,0.25,
XMR,bbrsi,2020-12-29 21:05:00,5m,66.7,3,0.07,0.22,
XMR,bbrsi,2020-12-30 21:05:00,5m,50.0,2,-0.72,-1.44,
XMR,bbrsi,2020-12-31 21:05:00,5m,66.7,6,-0.92,-5.54,
XMR,bbrsi,2021-01-01 21:05:00,5m,,4,0.87,3.46,
XMR,bbrsi,2021-01-02 21:05:00,5m,50.0,4,-1.07,-4.27,
XMR,bbrsi,2021-01-03 21:05:00,5m,33.3,3,-0.38,-1.14,
XMR,bbrsi,2021-01-04 21:05:00,5m,,2,0.69,1.39,
XMR,bbrsi,2021-01-05 21:05:00,5m,,2,0.54,1.07,
XMR,bbrsi,2021-01-06 21:05:00,5m,,3,1.19,3.56,
XMR,bbrsi,2021-01-07 21:05:00,5m,33.3,3,-1.65,-4.94,
XMR,bbrsi,2021-01-08 21:05:00,5m,,3,0.55,1.64,
XMR,bbrsi,2021-01-09 21:05:00,5m,,2,-3.69,-7.39,
XMR,bbrsi,2021-01-10 21:05:00,5m,33.3,6,-0.70,-4.20,
XMR,bbrsi,2021-01-11 21:05:00,5m,66.7,3,-0.05,-0.15,
XMR,bbrsi,2021-01-12 21:05:00,5m,,1,2.07,2.07,
XMR,bbrsi,2021-01-13 21:05:00,5m,50.0,4,-0.84,-3.34,
XMR,bbrsi,2021-01-14 21:05:00,5m,66.7,3,0.17,0.51,
XMR,bbrsi,2021-01-15 21:05:00,5m,,5,0.99,4.93,
XMR,bbrsi,2021-01-16 21:05:00,5m,75.0,4,-0.20,-0.81,
XMR,bbrsi,2021-01-17 21:05:00,5m,66.7,3,-1.05,-3.16,
XMR,bbrsi,2021-01-18 21:05:00,5m,,3,0.77,2.30,
XMR,bbrsi,2021-01-19 21:05:00,5m,50.0,4,-1.23,-4.93,
XMR,bbrsi,2021-01-20 21:05:00,5m,50.0,6,-1.54,-9.22,
XMR,bbrsi,2021-01-21 21:05:00,5m,33.3,3,-1.81,-5.42,
XMR,bbrsi,2021-01-22 21:05:00,5m,,3,0.29,0.87,
XMR,bbrsi,2021-01-23 21:05:00,5m,66.7,3,-1.18,-3.54,
XMR,bbrsi,2021-01-24 21:05:00,5m,75.0,4,0.03,0.13,
XMR,bbrsi,2021-01-25 21:05:00,5m,66.7,3,0.13,0.40,
XMR,bbrsi,2021-01-26 21:05:00,5m,75.0,4,-0.36,-1.44,
XMR,bbrsi,2021-01-27 21:05:00,5m,75.0,4,0.42,1.68,
XMR,bbrsi,2021-01-28 21:05:00,5m,66.7,3,-0.86,-2.59,
XMR,bbrsi,2021-01-29 21:05:00,5m,,3,0.34,1.01,
XMR,bbrsi,2021-01-30 21:05:00,5m,66.7,3,-0.67,-2.02,
XMR,bbrsi,2021-01-31 21:05:00,5m,,3,0.73,2.20,
XMR,bbrsi,2021-02-01 21:05:00,5m,,2,0.69,1.38,
XMR,bbrsi,2021-02-02 21:05:00,5m,66.7,3,-0.08,-0.24,
XMR,bbrsi,2021-02-03 21:05:00,5m,66.7,3,0.24,0.71,
XMR,bbrsi,2021-02-04 21:05:00,5m,,4,0.61,2.42,
XMR,bbrsi,2021-02-05 21:05:00,5m,66.7,3,-0.25,-0.75,
XMR,bbrsi,2021-02-06 21:05:00,5m,75.0,4,0.04,0.18,
XMR,bbrsi,2021-02-07 21:05:00,5m,,3,0.67,2.01,
XMR,bbrsi,2021-02-08 21:05:00,5m,,2,0.25,0.50,
XMR,bbrsi,2021-02-09 21:05:00,5m,,4,0.90,3.62,
XMR,bbrsi,2021-02-10 21:05:00,5m,,3,0.44,1.33,
XMR,bbrsi,2021-02-11 22:20:00,5m,,2,1.76,3.51,
XMR,bbrsi,2021-02-12 22:20:00,5m,80.0,5,1.26,6.32,
XMR,bbrsi,2021-02-13 22:20:00,5m,50.0,2,-0.27,-0.55,
XMR,bbrsi,2021-02-14 22:20:00,5m,40.0,5,-0.76,-3.78,
XMR,bbrsi,2021-02-15 22:20:00,5m,60.0,5,-0.66,-3.32,
XMR,bbrsi,2021-02-16 22:20:00,5m,,1,2.61,2.61,
XMR,bbrsi,2021-02-17 22:20:00,5m,33.3,3,-2.18,-6.53,
XMR,bbrsi,2021-02-18 22:20:00,5m,75.0,4,0.20,0.82,
XMR,bbrsi,2021-02-19 22:20:00,5m,60.0,5,-0.78,-3.89,
XMR,bbrsi,2021-02-20 22:20:00,5m,80.0,5,0.18,0.89,
XMR,bbrsi,2021-02-21 22:20:00,5m,57.1,7,0.08,0.56,
XMR,bbrsi,2021-02-22 22:20:00,5m,50.0,4,0.16,0.65,
XMR,bbrsi,2021-02-23 22:20:00,5m,60.0,5,0.22,1.09,
XMR,bbrsi,2021-02-24 22:20:00,5m,33.3,3,-1.25,-3.76,
XMR,bbrsi,2021-02-25 22:20:00,5m,50.0,4,-0.85,-3.39,
XMR,bbrsi,2021-02-26 22:20:00,5m,,1,0.20,0.20,
XMR,bbrsi,2021-02-27 22:20:00,5m,,3,0.59,1.78,
XMR,bbrsi,2021-02-28 22:20:00,5m,33.3,3,-0.97,-2.90,
XMR,bbrsi,2021-03-01 22:20:00,5m,33.3,3,-1.34,-4.03,
XMR,bbrsi,2021-03-02 22:20:00,5m,,3,0.56,1.69,
XMR,bbrsi,2021-03-03 22:20:00,5m,66.7,6,0.42,2.51,
XMR,bbrsi,2021-03-04 22:20:00,5m,,3,0.51,1.54,
XMR,bbrsi,2021-03-05 22:20:00,5m,66.7,3,0.25,0.75,
XMR,bbrsi,2021-03-06 23:50:00,5m,,3,0.44,1.33,
XMR,bbrsi,2021-03-07 23:50:00,5m,,4,0.52,2.06,
XMR,bbrsi,2021-03-08 23:50:00,5m,,4,0.59,2.34,
XMR,bbrsi,2021-03-09 23:50:00,5m,,4,0.68,2.73,
XMR,bbrsi,2021-03-10 23:50:00,5m,66.7,3,-0.06,-0.17,
XMR,bbrsi,2021-03-11 23:50:00,5m,,4,0.57,2.28,
XMR,bbrsi,2021-03-12 23:50:00,5m,66.7,3,0.12,0.35,
XMR,bbrsi,2021-03-13 23:50:00,5m,66.7,3,-1.11,-3.32,
XMR,bbrsi,2021-03-14 23:50:00,5m,33.3,3,-2.45,-7.34,
XMR,bbrsi,2021-03-15 23:50:00,5m,,3,0.25,0.76,
XMR,bbrsi,2021-03-16 23:50:00,5m,,5,0.77,3.85,
XMR,bbrsi,2021-03-17 23:50:00,5m,75.0,4,0.15,0.58,
XMR,bbrsi,2021-03-18 23:50:00,5m,,5,0.91,4.56,
XMR,bbrsi,2021-03-19 23:50:00,5m,,1,-1.14,-1.14,
XMR,bbrsi,2021-03-20 23:50:00,5m,66.7,3,0.06,0.18,
XMR,bbrsi,2021-03-21 23:50:00,5m,60.0,5,-0.62,-3.08,
XMR,bbrsi,2021-03-22 23:50:00,5m,,3,0.49,1.46,
XMR,bbrsi,2021-03-23 23:50:00,5m,,2,0.30,0.60,
XMR,bbrsi,2021-03-24 23:50:00,5m,,3,0.92,2.76,
XMR,bbrsi,2021-03-25 23:50:00,5m,66.7,3,-0.88,-2.65,
XMR,bbrsi,2021-03-26 23:50:00,5m,,4,0.24,0.97,
XMR,bbrsi,2021-03-27 23:50:00,5m,66.7,3,-0.25,-0.76,
XMR,bbrsi,2021-03-29 00:50:00,5m,,3,0.17,0.52,
XMR,bbrsi,2021-03-30 00:50:00,5m,,3,0.48,1.43,
XMR,bbrsi,2021-03-31 00:50:00,5m,50.0,4,-0.82,-3.29,
XMR,bbrsi,2021-04-01 00:50:00,5m,50.0,2,0.19,0.38,
XMR,bbrsi,2021-04-02 00:50:00,5m,,2,0.81,1.62,
XMR,bbrsi,2021-04-03 00:50:00,5m,33.3,3,-1.17,-3.51,
XMR,bbrsi,2021-04-04 00:50:00,5m,,2,0.05,0.10,
XMR,bbrsi,2021-04-05 00:50:00,5m,,5,0.56,2.80,
XMR,bbrsi,2021-04-06 00:50:00,5m,,1,0.46,0.46,
XMR,bbrsi,2021-04-07 00:50:00,5m,50.0,4,-0.38,-1.52,
XMR,bbrsi,2021-04-08 00:50:00,5m,,2,0.73,1.46,
XMR,bbrsi,2021-04-09 00:50:00,5m,50.0,2,-1.22,-2.44,
XMR,bbrsi,2021-04-10 00:50:00,5m,,2,0.74,1.49,
XMR,bbrsi,2021-04-11 00:50:00,5m,,3,0.31,0.94,
XMR,bbrsi,2021-04-12 00:50:00,5m,33.3,3,-1.19,-3.56,
XMR,bbrsi,2021-04-13 00:50:00,5m,,4,0.83,3.33,
XMR,bbrsi,2021-04-14 00:50:00,5m,80.0,5,-0.13,-0.63,
XMR,bbrsi,2021-04-15 00:50:00,5m,66.7,3,0.40,1.21,
XMR,bbrsi,2021-04-16 00:50:00,5m,66.7,3,-0.76,-2.29,
XMR,bbrsi,2021-04-17 00:50:00,5m,,4,1.40,5.59,
XMR,bbrsi,2021-04-18 00:50:00,5m,66.7,3,2.51,7.53,
XMR,bbrsi,2021-04-19 00:50:00,5m,60.0,5,-0.67,-3.33,
XMR,bbrsi,2021-04-20 00:50:00,5m,,3,0.87,2.60,
XMR,bbrsi,2021-04-21 03:20:00,5m,75.0,4,0.20,0.80,
XMR,bbrsi,2021-04-22 03:20:00,5m,50.0,4,-0.70,-2.81,
XMR,bbrsi,2021-04-23 03:20:00,5m,,3,1.36,4.08,
XMR,bbrsi,2021-04-24 03:20:00,5m,,2,1.55,3.11,
XMR,bbrsi,2021-04-25 03:20:00,5m,66.7,6,-0.00,-0.00,
XMR,bbrsi,2021-04-26 08:00:00,5m,66.7,3,-0.38,-1.13,
XMR,bbrsi,2021-04-27 08:00:00,5m,66.7,3,-0.32,-0.95,
XMR,bbrsi,2021-04-28 08:00:00,5m,66.7,3,-0.41,-1.24,
XMR,bbrsi,2021-04-29 08:00:00,5m,,2,0.43,0.85,
XMR,bbrsi,2021-04-30 08:00:00,5m,,2,0.45,0.89,
XMR,bbrsi,2021-05-01 08:00:00,5m,80.0,5,0.23,1.16,
XMR,bbrsi,2021-05-02 08:00:00,5m,,2,0.45,0.90,
XMR,bbrsi,2021-05-03 08:00:00,5m,25.0,4,-1.87,-7.46,
XMR,bbrsi,2021-05-04 08:00:00,5m,,4,0.96,3.85,
XMR,bbrsi,2021-05-05 08:00:00,5m,,4,0.61,2.45,
XMR,bbrsi,2021-05-06 08:00:00,5m,,3,1.33,4.00,
XMR,bbrsi,2021-05-07 08:00:00,5m,50.0,4,-1.38,-5.52,
XMR,bbrsi,2021-05-08 08:00:00,5m,60.0,5,-0.55,-2.73,
XMR,bbrsi,2021-05-09 08:00:00,5m,50.0,2,-1.03,-2.07,
XMR,bbrsi,2021-05-10 08:00:00,5m,,2,-3.69,-7.39,
XMR,bbrsi,2021-05-11 08:00:00,5m,,1,0.77,0.77,
XMR,bbrsi,2021-05-12 08:00:00,5m,50.0,6,-0.63,-3.81,
XMR,bbrsi,2021-05-13 08:00:00,5m,75.0,4,-0.03,-0.11,
XMR,bbrsi,2021-05-14 08:00:00,5m,,5,0.88,4.39,
XMR,bbrsi,2021-05-15 08:00:00,5m,75.0,4,0.25,0.99,
XMR,bbrsi,2021-05-16 08:00:00,5m,33.3,6,-1.41,-8.46,
XMR,bbrsi,2021-05-17 08:00:00,5m,66.7,3,-0.07,-0.21,
XMR,bbrsi,2021-05-18 08:00:00,5m,57.1,7,-0.67,-4.69,
XMR,bbrsi,2021-05-19 08:00:00,5m,16.7,6,-2.42,-14.50,
XMR,bbrsi,2021-05-20 08:00:00,5m,,1,-3.69,-3.69,
XMR,bbrsi,2021-05-21 08:00:00,5m,28.6,7,-1.27,-8.87,
XMR,bbrsi,2021-05-22 08:00:00,5m,60.0,5,0.25,1.27,
XMR,bbrsi,2021-05-23 08:00:00,5m,33.3,3,-2.23,-6.69,
XMR,bbrsi,2021-05-24 08:00:00,5m,66.7,3,-0.46,-1.38,
XMR,bbrsi,2021-05-25 08:00:00,5m,60.0,5,-0.36,-1.81,
XMR,bbrsi,2021-05-26 08:00:00,5m,,4,1.41,5.62,
XMR,bbrsi,2021-05-27 08:00:00,5m,71.4,7,-0.17,-1.19,
XMR,bbrsi,2021-05-28 08:00:00,5m,66.7,3,0.47,1.42,
XMR,bbrsi,2021-05-29 08:00:00,5m,50.0,4,-0.89,-3.55,
XMR,bbrsi,2021-05-30 08:00:00,5m,75.0,4,0.28,1.12,
XMR,bbrsi,2021-05-31 08:00:00,5m,,3,0.42,1.27,
XMR,bbrsi,2021-06-01 08:00:00,5m,,3,1.17,3.51,
XMR,bbrsi,2021-06-02 08:00:00,5m,,4,1.06,4.23,
XMR,bbrsi,2021-06-03 08:00:00,5m,66.7,3,-0.13,-0.40,
XMR,bbrsi,2021-06-04 08:00:00,5m,60.0,5,0.12,0.62,
XMR,bbrsi,2021-06-05 08:00:00,5m,50.0,4,-1.58,-6.31,
XMR,bbrsi,2021-06-06 08:00:00,5m,,4,0.58,2.32,
XMR,bbrsi,2021-06-07 08:00:00,5m,33.3,3,-2.26,-6.79,
XMR,bbrsi,2021-06-08 08:00:00,5m,60.0,5,-0.06,-0.28,
XMR,bbrsi,2021-06-09 08:00:00,5m,50.0,2,-0.04,-0.08,
XMR,bbrsi,2021-06-10 08:00:00,5m,50.0,2,-1.77,-3.53,
XMR,bbrsi,2021-06-11 08:00:00,5m,75.0,4,-0.30,-1.19,
XMR,bbrsi,2021-06-12 08:00:00,5m,50.0,2,-1.77,-3.54,
XMR,bbrsi,2021-06-13 08:00:00,5m,,2,0.54,1.09,
XMR,bbrsi,2021-06-14 08:00:00,5m,,2,0.89,1.78,
XMR,bbrsi,2021-06-15 08:00:00,5m,,3,0.41,1.22,
XMR,bbrsi,2021-06-16 08:00:00,5m,50.0,2,-1.79,-3.58,
XMR,bbrsi,2021-06-17 08:00:00,5m,,3,0.40,1.19,
XMR,bbrsi,2021-06-18 08:00:00,5m,,3,0.95,2.85,
XMR,bbrsi,2021-06-19 08:00:00,5m,,2,1.15,2.29,
XMR,bbrsi,2021-06-20 08:00:00,5m,33.3,3,-2.21,-6.62,
XMR,bbrsi,2021-06-21 08:00:00,5m,25.0,4,-0.85,-3.39,
XMR,bbrsi,2021-06-22 08:00:00,5m,50.0,4,-0.67,-2.70,
XMR,bbrsi,2021-06-23 08:00:00,5m,50.0,2,-1.61,-3.23,
XMR,bbrsi,2021-06-24 08:00:00,5m,,3,0.97,2.92,
XMR,bbrsi,2021-06-25 08:00:00,5m,,4,0.49,1.97,
XMR,bbrsi,2021-06-26 08:00:00,5m,50.0,2,-1.35,-2.69,
XMR,bbrsi,2021-06-27 08:00:00,5m,,4,0.83,3.33,
XMR,bbrsi,2021-06-28 08:00:00,5m,,0,0.00,0.00,
XMR,bbrsi,2021-06-29 08:00:00,5m,,4,1.04,4.16,
XMR,bbrsi,2021-06-30 08:00:00,5m,66.7,3,-0.48,-1.43,
XMR,bbrsi,2021-07-01 08:00:00,5m,,2,0.64,1.28,
XMR,bbrsi,2021-07-02 08:00:00,5m,,3,0.69,2.08,
XMR,bbrsi,2021-07-03 08:00:00,5m,,3,0.37,1.10,
XMR,bbrsi,2021-07-04 08:00:00,5m,50.0,4,-0.74,-2.97,
XMR,bbrsi,2021-07-05 08:00:00,5m,,2,0.79,1.59,
XMR,bbrsi,2021-07-06 08:00:00,5m,,1,0.63,0.63,
XMR,bbrsi,2021-07-07 08:00:00,5m,50.0,4,-1.20,-4.81,
XMR,bbrsi,2021-07-08 08:00:00,5m,,3,0.48,1.43,
XMR,bbrsi,2021-07-09 08:00:00,5m,,2,0.62,1.24,
XMR,bbrsi,2021-07-10 08:00:00,5m,80.0,5,0.28,1.39,
XMR,bbrsi,2021-07-11 08:00:00,5m,,2,0.22,0.44,
XMR,bbrsi,2021-07-12 08:00:00,5m,50.0,2,-1.43,-2.87,
XMR,bbrsi,2021-07-13 08:00:00,5m,,1,-3.69,-3.69,
XMR,bbrsi,2021-07-14 08:00:00,5m,75.0,4,0.12,0.50,
XMR,bbrsi,2021-07-15 08:00:00,5m,,1,0.18,0.18,
XMR,bbrsi,2021-07-16 08:00:00,5m,,3,0.28,0.84,
XMR,bbrsi,2021-07-17 08:00:00,5m,,3,0.25,0.74,
XMR,bbrsi,2021-07-18 08:00:00,5m,50.0,2,-1.54,-3.08,
XMR,bbrsi,2021-07-19 08:00:00,5m,66.7,3,-1.04,-3.12,
XMR,bbrsi,2021-07-20 08:00:00,5m,50.0,2,-1.36,-2.71,
XMR,bbrsi,2021-07-21 08:00:00,5m,,2,0.15,0.30,
XMR,bbrsi,2021-07-22 08:00:00,5m,,3,0.37,1.11,
XMR,bbrsi,2021-07-23 08:00:00,5m,,3,0.33,0.99,
XMR,bbrsi,2021-07-24 08:00:00,5m,,4,0.48,1.91,
XMR,bbrsi,2021-07-25 08:00:00,5m,,5,0.46,2.31,
XMR,bbrsi,2021-07-26 08:00:00,5m,,5,1.15,5.77,
XMR,bbrsi,2021-07-27 08:00:00,5m,,3,0.88,2.63,
XMR,bbrsi,2021-07-28 08:00:00,5m,,0,0.00,0.00,
XMR,bbrsi,2021-07-29 08:00:00,5m,,2,0.61,1.23,
XMR,bbrsi,2021-07-30 08:00:00,5m,66.7,3,-0.20,-0.59,
XMR,bbrsi,2021-07-31 08:00:00,5m,,3,0.32,0.96,
XMR,bbrsi,2021-08-01 08:00:00,5m,,4,1.13,4.51,
XMR,bbrsi,2021-08-02 08:00:00,5m,,2,0.13,0.26,
XMR,bbrsi,2021-08-03 08:00:00,5m,,4,0.51,2.04,
XMR,bbrsi,2021-08-04 08:00:00,5m,75.0,4,0.26,1.04,
XMR,bbrsi,2021-08-05 08:00:00,5m,,2,1.39,2.78,
XMR,bbrsi,2021-08-06 08:00:00,5m,,3,0.78,2.34,
XMR,bbrsi,2021-08-07 08:00:00,5m,,4,1.10,4.39,
XMR,bbrsi,2021-08-08 08:00:00,5m,50.0,2,-1.32,-2.65,
XMR,bbrsi,2021-08-09 08:00:00,5m,80.0,5,0.26,1.32,
XMR,bbrsi,2021-08-10 08:00:00,5m,,3,0.70,2.11,
XMR,bbrsi,2021-08-11 08:00:00,5m,66.7,6,-0.34,-2.05,
XMR,bbrsi,2021-08-12 08:00:00,5m,66.7,3,-0.69,-2.06,
XMR,bbrsi,2021-08-13 12:30:00,5m,,2,0.76,1.51,
XMR,bbrsi,2021-08-14 12:30:00,5m,,4,0.42,1.68,
XMR,bbrsi,2021-08-15 12:30:00,5m,,1,0.18,0.18,
XMR,bbrsi,2021-08-16 12:30:00,5m,66.7,3,-0.40,-1.19,
XMR,bbrsi,2021-08-17 12:30:00,5m,40.0,5,-1.63,-8.13,
XMR,bbrsi,2021-08-18 12:30:00,5m,,3,0.67,2.00,
XMR,bbrsi,2021-08-19 12:30:00,5m,,3,0.42,1.26,
XMR,bbrsi,2021-08-20 12:30:00,5m,66.7,3,0.44,1.32,
XMR,bbrsi,2021-08-21 12:30:00,5m,75.0,4,0.29,1.16,
XMR,bbrsi,2021-08-22 12:30:00,5m,,3,0.91,2.72,
XMR,bbrsi,2021-08-23 12:30:00,5m,75.0,4,-0.48,-1.93,
XMR,bbrsi,2021-08-24 12:30:00,5m,,4,1.00,4.02,
XMR,bbrsi,2021-08-25 12:30:00,5m,66.7,3,-0.18,-0.53,
XMR,bbrsi,2021-08-26 12:30:00,5m,,4,0.41,1.63,
XMR,bbrsi,2021-08-27 12:30:00,5m,66.7,3,-0.47,-1.40,
XMR,bbrsi,2021-08-28 12:30:00,5m,,2,0.46,0.91,
XMR,bbrsi,2021-08-29 12:30:00,5m,,4,0.55,2.20,
XMR,bbrsi,2021-08-30 12:30:00,5m,50.0,2,-0.23,-0.47,
XMR,bbrsi,2021-08-31 12:30:00,5m,,2,0.50,1.00,
XMR,bbrsi,2021-09-01 12:30:00,5m,,2,0.82,1.64,
XMR,bbrsi,2021-09-02 12:30:00,5m,,3,0.13,0.39,
XMR,bbrsi,2021-09-03 12:30:00,5m,,4,0.27,1.09,
XMR,bbrsi,2021-09-04 12:30:00,5m,,1,-0.40,-0.40,
XMR,bbrsi,2021-09-05 12:30:00,5m,,4,0.52,2.10,
XMR,bbrsi,2021-09-06 12:30:00,5m,33.3,6,-1.74,-10.44,
XMR,bbrsi,2021-09-07 12:30:00,5m,57.1,7,-0.47,-3.26,
XMR,bbrsi,2021-09-08 12:30:00,5m,80.0,5,0.74,3.70,
XMR,bbrsi,2021-09-09 12:30:00,5m,,3,1.23,3.68,
XMR,bbrsi,2021-09-10 12:30:00,5m,50.0,4,-1.41,-5.65,
XMR,bbrsi,2021-09-11 12:30:00,5m,,2,0.45,0.90,
XMR,bbrsi,2021-09-12 12:30:00,5m,66.7,3,-0.90,-2.69,
XMR,bbrsi,2021-09-13 12:30:00,5m,,1,0.06,0.06,
XMR,bbrsi,2021-09-14 12:30:00,5m,75.0,4,0.44,1.78,
XMR,bbrsi,2021-09-15 12:30:00,5m,66.7,3,0.72,2.17,
XMR,bbrsi,2021-09-16 12:30:00,5m,,4,0.56,2.23,
XMR,bbrsi,2021-09-17 12:30:00,5m,,3,0.40,1.19,
XMR,bbrsi,2021-09-18 12:30:00,5m,,4,0.66,2.62,
XMR,bbrsi,2021-09-19 12:30:00,5m,66.7,3,-0.80,-2.41,
XMR,bbrsi,2021-09-20 12:30:00,5m,66.7,3,-0.84,-2.51,
XMR,bbrsi,2021-09-21 12:30:00,5m,75.0,4,-0.47,-1.89,
XMR,bbrsi,2021-09-22 12:30:00,5m,,1,0.81,0.81,
XMR,bbrsi,2021-09-23 12:30:00,5m,,3,0.19,0.57,
XMR,bbrsi,2021-09-24 12:30:00,5m,,3,1.03,3.10,
XMR,bbrsi,2021-09-25 12:30:00,5m,,2,0.37,0.74,
XMR,bbrsi,2021-09-26 12:30:00,5m,,3,0.86,2.59,
XMR,bbrsi,2021-09-27 12:30:00,5m,75.0,4,-0.28,-1.12,
XMR,bbrsi,2021-09-28 12:30:00,5m,,2,0.27,0.55,
XMR,bbrsi,2021-09-29 14:30:00,5m,,2,0.38,0.77,
XMR,bbrsi,2021-09-30 14:30:00,5m,,4,1.00,3.99,
XMR,bbrsi,2021-10-01 14:30:00,5m,,4,0.35,1.38,
XMR,bbrsi,2021-10-02 14:30:00,5m,50.0,2,-0.06,-0.13,
XMR,bbrsi,2021-10-03 14:30:00,5m,,1,-1.86,-1.86,
XMR,bbrsi,2021-10-04 14:30:00,5m,,2,0.36,0.72,
XMR,bbrsi,2021-10-05 14:30:00,5m,,3,0.52,1.56,
XMR,bbrsi,2021-10-06 14:30:00,5m,66.7,3,-0.32,-0.96,
XMR,bbrsi,2021-10-07 14:30:00,5m,66.7,3,0.11,0.34,
XMR,bbrsi,2021-10-08 14:30:00,5m,,4,0.48,1.91,
XMR,bbrsi,2021-10-09 14:30:00,5m,,1,0.01,0.01,
XMR,bbrsi,2021-10-10 14:30:00,5m,,3,0.22,0.67,
XMR,bbrsi,2021-10-11 14:30:00,5m,,3,0.15,0.46,
XMR,bbrsi,2021-10-12 14:30:00,5m,50.0,2,0.12,0.25,
XMR,bbrsi,2021-10-13 14:30:00,5m,,3,0.45,1.35,
XMR,bbrsi,2021-10-14 14:30:00,5m,,2,0.15,0.31,
XMR,bbrsi,2021-10-15 14:30:00,5m,50.0,2,-0.38,-0.76,
XMR,bbrsi,2021-10-16 14:30:00,5m,,1,-3.69,-3.69,
XMR,bbrsi,2021-10-17 14:30:00,5m,50.0,2,-0.94,-1.88,
XMR,bbrsi,2021-10-18 14:30:00,5m,75.0,4,0.31,1.24,
XMR,bbrsi,2021-10-19 14:30:00,5m,,5,0.17,0.85,
XMR,bbrsi,2021-10-20 14:30:00,5m,75.0,4,-0.32,-1.27,
XMR,bbrsi,2021-10-21 14:30:00,5m,,1,0.13,0.13,
XMR,bbrsi,2021-10-22 14:30:00,5m,66.7,3,0.41,1.23,
XMR,bbrsi,2021-10-23 14:30:00,5m,,2,0.21,0.43,
XMR,bbrsi,2021-10-24 14:30:00,5m,,0,0.00,0.00,
XMR,bbrsi,2021-10-25 14:30:00,5m,,1,-1.20,-1.20,
XMR,bbrsi,2021-10-26 14:30:00,5m,,2,1.53,3.07,
XMR,bbrsi,2021-10-27 14:30:00,5m,50.0,4,-0.51,-2.06,
XMR,bbrsi,2021-10-28 14:30:00,5m,,3,0.40,1.19,
XMR,bbrsi,2021-10-29 14:30:00,5m,,3,0.17,0.52,
XMR,bbrsi,2021-10-30 14:30:00,5m,,2,0.27,0.55,
XMR,bbrsi,2021-10-31 13:30:00,5m,,3,0.62,1.87,
XMR,bbrsi,2021-11-01 13:30:00,5m,,3,0.17,0.51,
XMR,bbrsi,2021-11-02 13:30:00,5m,,1,-1.98,-1.98,
XMR,bbrsi,2021-11-03 13:30:00,5m,,4,0.15,0.60,
XMR,bbrsi,2021-11-04 13:30:00,5m,,2,0.18,0.37,
XMR,bbrsi,2021-11-05 13:30:00,5m,,2,0.23,0.45,
XMR,bbrsi,2021-11-06 13:30:00,5m,,2,0.38,0.76,
XMR,bbrsi,2021-11-07 13:30:00,5m,,3,0.21,0.64,
XMR,bbrsi,2021-11-08 13:30:00,5m,,2,0.06,0.11,
XMR,bbrsi,2021-11-09 13:30:00,5m,50.0,2,-0.04,-0.09,
XMR,bbrsi,2021-11-10 13:30:00,5m,50.0,4,-1.65,-6.58,
XMR,bbrsi,2021-11-11 13:30:00,5m,75.0,4,-0.63,-2.53,
XMR,bbrsi,2021-11-12 13:30:00,5m,75.0,4,0.32,1.28,
XMR,bbrsi,2021-11-13 13:30:00,5m,,1,-1.96,-1.96,
XMR,bbrsi,2021-11-14 13:30:00,5m,,4,0.32,1.29,
XMR,bbrsi,2021-11-15 13:30:00,5m,60.0,5,-1.03,-5.16,
XMR,bbrsi,2021-11-16 13:30:00,5m,75.0,4,-0.32,-1.27,
XMR,bbrsi,2021-11-17 13:30:00,5m,,4,0.72,2.89,
XMR,bbrsi,2021-11-18 13:30:00,5m,75.0,4,-0.69,-2.77,
XMR,bbrsi,2021-11-19 13:30:00,5m,66.7,3,0.11,0.33,
XMR,bbrsi,2021-11-20 13:30:00,5m,80.0,5,-0.38,-1.92,
XMR,bbrsi,2021-11-21 13:30:00,5m,,1,-1.90,-1.90,
XMR,bbrsi,2021-11-22 13:30:00,5m,,1,-2.72,-2.72,
XMR,bbrsi,2021-11-23 13:30:00,5m,,2,1.01,2.01,
XMR,bbrsi,2021-11-24 13:30:00,5m,,2,0.60,1.19,
XMR,bbrsi,2021-11-25 13:30:00,5m,66.7,3,-1.06,-3.17,
XMR,bbrsi,2021-11-26 13:30:00,5m,,3,0.70,2.11,
XMR,bbrsi,2021-11-27 13:30:00,5m,,2,0.13,0.26,
XMR,bbrsi,2021-11-28 13:30:00,5m,75.0,4,0.04,0.14,
XMR,bbrsi,2021-11-29 13:30:00,5m,,3,0.21,0.63,
XMR,bbrsi,2021-11-30 13:30:00,5m,50.0,2,-1.22,-2.45,
XMR,bbrsi,2021-12-01 13:30:00,5m,75.0,4,0.11,0.43,
XMR,bbrsi,2021-12-02 13:30:00,5m,,0,0.00,0.00,
XMR,bbrsi,2021-12-03 13:30:00,5m,40.0,5,-1.99,-9.94,
XMR,bbrsi,2021-12-04 13:30:00,5m,,4,0.41,1.64,
XMR,bbrsi,2021-12-05 13:30:00,5m,80.0,5,0.46,2.31,
XMR,bbrsi,2021-12-06 13:30:00,5m,,3,0.45,1.34,
XMR,bbrsi,2021-12-07 13:30:00,5m,80.0,5,0.19,0.97,
XMR,bbrsi,2021-12-08 13:30:00,5m,66.7,3,-0.45,-1.34,
XMR,bbrsi,2021-12-09 13:30:00,5m,66.7,3,-0.78,-2.35,
XMR,bbrsi,2021-12-10 13:30:00,5m,75.0,4,-0.29,-1.14,
XMR,bbrsi,2021-12-11 13:30:00,5m,,3,0.35,1.04,
XMR,bbrsi,2021-12-12 13:30:00,5m,,2,0.31,0.62,
XMR,bbrsi,2021-12-13 13:30:00,5m,,3,1.09,3.27,
XMR,bbrsi,2021-12-14 13:30:00,5m,,2,0.18,0.35,
XMR,bbrsi,2021-12-15 13:30:00,5m,,3,0.24,0.73,
XMR,bbrsi,2021-12-16 13:30:00,5m,,2,-3.09,-6.19,
XMR,bbrsi,2021-12-17 13:30:00,5m,,2,1.49,2.99,
XMR,bbrsi,2021-12-18 13:30:00,5m,,1,-1.07,-1.07,
XMR,bbrsi,2021-12-19 13:30:00,5m,,2,0.57,1.14,
XMR,bbrsi,2021-12-20 13:30:00,5m,66.7,3,0.05,0.15,
XMR,bbrsi,2021-12-21 13:30:00,5m,,3,0.38,1.14,
XMR,bbrsi,2021-12-22 13:30:00,5m,,3,0.38,1.13,
XMR,bbrsi,2021-12-23 13:30:00,5m,50.0,2,-0.39,-0.78,
XMR,bbrsi,2021-12-24 13:30:00,5m,,2,0.44,0.89,
XMR,bbrsi,2021-12-25 13:30:00,5m,,3,0.18,0.54,
XMR,bbrsi,2021-12-26 13:30:00,5m,,1,0.66,0.66,
XMR,bbrsi,2021-12-27 13:30:00,5m,,2,0.45,0.90,
XMR,bbrsi,2021-12-28 13:30:00,5m,33.3,3,-2.05,-6.14,
XMR,bbrsi,2021-12-29 13:30:00,5m,,2,1.00,2.00,
XMR,bbrsi,2021-12-30 13:30:00,5m,,2,0.67,1.33,
XMR,bbrsi,2021-12-31 13:30:00,5m,,1,0.23,0.23,
XMR,bbrsi,2022-01-01 13:30:00,5m,,3,0.49,1.47,
XMR,bbrsi,2022-01-02 13:30:00,5m,66.7,3,-1.22,-3.67,
XMR,bbrsi,2022-01-03 13:30:00,5m,66.7,3,-1.13,-3.39,
XMR,bbrsi,2022-01-04 13:30:00,5m,66.7,3,-0.02,-0.06,
XMR,bbrsi,2022-01-05 13:30:00,5m,40.0,5,-1.88,-9.41,
XMR,bbrsi,2022-01-06 13:30:00,5m,,4,0.62,2.49,
XMR,bbrsi,2022-01-07 13:30:00,5m,50.0,4,-0.59,-2.37,
XMR,bbrsi,2022-01-08 13:30:00,5m,75.0,4,-0.26,-1.03,
XMR,bbrsi,2022-01-09 13:30:00,5m,66.7,3,-0.44,-1.32,
XMR,bbrsi,2022-01-10 13:30:00,5m,,2,0.59,1.18,
XMR,bbrsi,2022-01-11 13:30:00,5m,,2,0.28,0.57,
XMR,bbrsi,2022-01-12 13:30:00,5m,50.0,2,0.10,0.20,
XMR,bbrsi,2022-01-13 13:30:00,5m,,4,1.22,4.88,
XMR,bbrsi,2022-01-14 13:30:00,5m,50.0,2,-0.65,-1.29,
XMR,bbrsi,2022-01-15 13:30:00,5m,,1,-2.28,-2.28,
XMR,bbrsi,2022-01-16 13:30:00,5m,,1,0.34,0.34,
XMR,bbrsi,2022-01-17 13:30:00,5m,66.7,6,-0.99,-5.96,
XMR,bbrsi,2022-01-18 13:30:00,5m,,3,0.48,1.43,
XMR,bbrsi,2022-01-19 13:30:00,5m,66.7,3,-1.06,-3.18,
XMR,bbrsi,2022-01-20 13:30:00,5m,25.0,4,-1.95,-7.81,
XMR,bbrsi,2022-01-21 13:30:00,5m,16.7,6,-2.44,-14.66,
XMR,bbrsi,2022-01-22 13:30:00,5m,50.0,4,-0.80,-3.19,
XMR,bbrsi,2022-01-23 13:30:00,5m,60.0,5,-1.29,-6.46,
XMR,bbrsi,2022-01-24 13:30:00,5m,66.7,3,-0.46,-1.37,
XMR,bbrsi,2022-01-25 13:30:00,5m,,1,1.33,1.33,
XMR,bbrsi,2022-01-26 13:30:00,5m,75.0,4,0.05,0.21,
XMR,bbrsi,2022-01-27 13:30:00,5m,50.0,2,-0.99,-1.97,
XMR,bbrsi,2022-01-28 13:30:00,5m,,1,0.26,0.26,
XMR,bbrsi,2022-01-29 13:30:00,5m,,3,0.37,1.10,
XMR,bbrsi,2022-01-30 13:30:00,5m,50.0,2,-0.34,-0.68,
XMR,bbrsi,2022-01-31 13:30:00,5m,,2,0.87,1.74,
XMR,bbrsi,2022-02-01 13:30:00,5m,,3,0.30,0.91,
XMR,bbrsi,2022-02-02 13:30:00,5m,33.3,3,-1.55,-4.64,
XMR,bbrsi,2022-02-03 13:30:00,5m,,2,0.77,1.55,
XMR,bbrsi,2022-02-04 13:30:00,5m,66.7,3,-0.21,-0.63,
XMR,bbrsi,2022-02-05 13:30:00,5m,,2,0.24,0.49,
XMR,bbrsi,2022-02-06 13:30:00,5m,,3,0.89,2.67,
XMR,bbrsi,2022-02-07 13:30:00,5m,66.7,3,-0.28,-0.85,
XMR,bbrsi,2022-02-08 13:30:00,5m,,5,0.77,3.85,
XMR,bbrsi,2022-02-09 13:30:00,5m,,4,0.55,2.20,
XMR,bbrsi,2022-02-10 13:30:00,5m,66.7,3,0.10,0.29,
XMR,bbrsi,2022-02-11 13:30:00,5m,75.0,4,-0.41,-1.65,
XMR,bbrsi,2022-02-12 13:30:00,5m,,3,0.52,1.56,
XMR,bbrsi,2022-02-13 13:30:00,5m,50.0,2,-0.63,-1.26,
XMR,bbrsi,2022-02-14 13:30:00,5m,66.7,3,0.29,0.88,
XMR,bbrsi,2022-02-15 13:30:00,5m,66.7,3,0.04,0.12,
XMR,bbrsi,2022-02-16 13:30:00,5m,,1,-2.46,-2.46,
XMR,bbrsi,2022-02-17 13:30:00,5m,,1,-1.22,-1.22,
XMR,bbrsi,2022-02-18 13:30:00,5m,50.0,2,-0.05,-0.09,
XMR,bbrsi,2022-02-19 13:30:00,5m,66.7,3,-1.00,-3.00,
XMR,bbrsi,2022-02-20 13:30:00,5m,33.3,3,-1.38,-4.15,
XMR,bbrsi,2022-02-21 13:30:00,5m,66.7,3,-0.32,-0.96,
XMR,bbrsi,2022-02-22 13:30:00,5m,,2,0.30,0.61,
XMR,bbrsi,2022-02-23 13:30:00,5m,40.0,5,-0.94,-4.72,
XMR,bbrsi,2022-02-24 13:30:00,5m,,2,0.21,0.41,
XMR,bbrsi,2022-02-25 13:30:00,5m,50.0,2,-0.06,-0.13,
XMR,bbrsi,2022-02-26 13:30:00,5m,75.0,4,-0.62,-2.50,
XMR,bbrsi,2022-02-27 13:30:00,5m,,4,0.81,3.25,
XMR,bbrsi,2022-02-28 13:30:00,5m,,1,0.26,0.26,
XMR,bbrsi,2022-03-01 13:30:00,5m,,3,0.31,0.92,
XMR,bbrsi,2022-03-02 13:30:00,5m,66.7,3,0.37,1.11,
XMR,bbrsi,2022-03-03 13:30:00,5m,66.7,3,-0.77,-2.32,
XMR,bbrsi,2022-03-04 13:30:00,5m,75.0,4,-0.76,-3.05,
XMR,bbrsi,2022-03-05 13:30:00,5m,75.0,4,-0.02,-0.08,
XMR,bbrsi,2022-03-06 13:30:00,5m,50.0,2,-1.60,-3.19,
XMR,bbrsi,2022-03-07 13:30:00,5m,,2,0.52,1.03,
XMR,bbrsi,2022-03-08 13:30:00,5m,66.7,3,1.14,3.41,
XMR,bbrsi,2022-03-09 13:30:00,5m,33.3,3,-1.56,-4.69,
XMR,bbrsi,2022-03-10 13:30:00,5m,,3,1.39,4.16,
XMR,bbrsi,2022-03-11 13:30:00,5m,,4,0.93,3.74,
XMR,bbrsi,2022-03-12 13:30:00,5m,50.0,2,-0.09,-0.18,
XMR,bbrsi,2022-03-13 13:30:00,5m,66.7,3,-1.02,-3.06,
XMR,bbrsi,2022-03-14 13:30:00,5m,66.7,3,-0.87,-2.60,
XMR,bbrsi,2022-03-15 13:30:00,5m,,3,0.67,2.01,
XMR,bbrsi,2022-03-16 13:30:00,5m,,4,0.66,2.66,
XMR,bbrsi,2022-03-17 13:30:00,5m,66.7,3,-0.01,-0.02,
XMR,bbrsi,2022-03-18 13:30:00,5m,,2,0.53,1.05,
XMR,bbrsi,2022-03-19 13:30:00,5m,,4,0.50,1.99,
XMR,bbrsi,2022-03-20 13:30:00,5m,,1,0.01,0.01,
XMR,bbrsi,2022-03-21 13:30:00,5m,66.7,3,0.06,0.18,
XMR,bbrsi,2022-03-22 13:30:00,5m,50.0,2,-0.49,-0.97,
XMR,bbrsi,2022-03-23 13:30:00,5m,,2,0.23,0.47,
XMR,bbrsi,2022-03-24 13:30:00,5m,,2,0.59,1.19,
XMR,bbrsi,2022-03-25 13:30:00,5m,,1,0.05,0.05,
XMR,bbrsi,2022-03-26 13:30:00,5m,,1,0.33,0.33,
XMR,bbrsi,2022-03-27 14:30:00,5m,,2,0.90,1.80,
XMR,bbrsi,2022-03-28 14:30:00,5m,,2,0.03,0.05,
XMR,bbrsi,2022-03-29 14:30:00,5m,,1,-1.90,-1.90,
